本文,GPT-2 対数尤度,BERT 交換評価値,BERT 散文評価値,季語,季題,切れ字,動詞数,動詞,名詞数,名詞,音数,距離1,類似句1,距離2,類似句2,距離3,類似句3
セーターを着て少年の日なりけり,-19.843287,0.9953747987747192,0.9999996423721313,セーター,三冬,けり,2,"着, 日なり",4,"セーター, 少年, 日, けり",17,6,セーターを着て晩年のまだ見えず,7,セーターを着て風狂に遠くをり,7,帷子を着て町人の子なりけり
セーターを着せられてゐる子供かな,-19.95155,0.9942644238471985,0.9999997019767761,セーター,三冬,かな,2,"着せ, ゐる",2,"セーター, 子供",17,6,外套を着せられてゐる別れかな,7,形代になでられてゐる子供かな,7,下萌にねぢ伏せられてゐる子かな
セーターを着こなしてゐる子供かな,-20.811308,0.9932680726051331,0.9999997019767761,セーター,三冬,かな,3,"着, こなし, ゐる",2,"セーター, 子供",17,8,噴水に手をあててゐる子供かな,9,外套を着せられてゐる別れかな,9,そら豆のやうな顔してゐる子かな
セーターの胸の高さを持ち歩く,-20.92115,0.9883134961128235,0.9999997019767761,セーター,三冬,,1,持ち歩く,2,"セーター, 胸",17,8,セーターの錨の模様胸を逸れ,8,泳ぎ子等波の力を持ち歩く,8,セーターの胸にV切る銀ぐさり
セーターを着せられてゐる女かな,-21.071184,0.994667112827301,0.9999997019767761,セーター,三冬,かな,2,"着せ, ゐる",2,"セーター, 女",17,6,外套を着せられてゐる別れかな,6,セーターを着せられし子の兎跳び,7,下萌にねじ伏せられてゐる子かな
セーターの胸の高さをもてあます,-21.109112,0.9797612428665161,0.9999997019767761,セーター,三冬,,1,もてあます,2,"セーター, 胸",17,7,寒苦鳥夜のつばさをもてあます,8,セーターの胸の薔薇ごと愛さるる,8,氷上の肩青空をもてあます
セーターの胸の高さを競ひけり,-21.445568,0.9853065609931946,0.9999997019767761,セーター,三冬,,1,ひけ,3,"セーター, 胸, 競",17,7,枯木らは枯れし高さを競ひけり,7,セーターの胸にV切る銀ぐさり,7,セーターの上に口あり笑ひあり
セーターの胸の高さを持ち帰る,-21.461714,0.9874371290206909,0.9999997019767761,セーター,三冬,,1,持ち帰る,2,"セーター, 胸",17,7,セーターの胸の薔薇ごと愛さるる,7,仙人掌の花の孤独を持ち帰る,8,宝石商冬の夜空を持ち帰る
セーターを着せられてゐる少女かな,-21.725454,0.994586706161499,0.9999997019767761,セーター,三冬,かな,2,"着せ, ゐる",2,"セーター, 少女",17,6,外套を着せられてゐる別れかな,7,セーターを着せられし子の兎跳び,8,猫の尻見せられてゐる大暑かな
セーターの胸の高さに反抗期,-21.782932,0.9848134517669678,0.9999997019767761,セーター,三冬,,0,,4,"セーター, 胸, 反抗, 期",17,7,祈る手の胸の高さに秋の風,7,セーターの錨の模様胸を逸れ,8,鳥の巣の松の高さに松曇り
セーターの胸の高さのありにけり,-21.885906,0.987621009349823,0.9999997019767761,セーター,三冬,けり,0,,4,"セーター, 胸, あり, けり",17,6,土雛に鼻の高さのありにけり,7,雪残る山路の高さありにけり,7,田鶴の棹出来る高さのありにけり
セーターを着せられしこと忘れをり,-21.926594,0.9951123595237732,0.9999997019767761,セーター,三冬,,1,着せ,3,"セーター, こと, 忘れ",17,6,セーターを着せられし子の兎跳び,8,セーターを着て風狂に遠くをり,9,竹夫人子を生みしこと忘れたり
セーターをはみ出してゐる子供かな,-21.960346,0.9908846616744995,0.9999997019767761,セーター,三冬,かな,2,"はみ出し, ゐる",2,"セーター, 子供",17,6,フレームをはみ出してゐる蕾かな,7,囀のはみ出してゐる大樹かな,8,噴水に手をあててゐる子供かな
セーターに胸の高さのありにけり,-21.984268,0.9890711903572083,0.9999997019767761,セーター,三冬,けり,0,,4,"セーター, 胸, あり, けり",17,5,土雛に鼻の高さのありにけり,7,障子百枚に梅の木影のありにけり,7,田鶴の棹出来る高さのありにけり
セーターを着こなしてゐる少女かな,-22.039032,0.9940209984779358,0.9999997019767761,セーター,三冬,かな,3,"着, こなし, ゐる",2,"セーター, 少女",17,8,鼠花火をはげましてゐる女かな,9,鵯の日をこぼしゐる大樹かな,9,端然と恋をしてゐる雛かな
セーターの肩幅広き男かな,-22.134941,0.9865189790725708,0.9999997019767761,セーター,三冬,かな,1,き,3,"セーター, 肩, 男",17,7,セーターの紫許せ紫禁城,7,借紋服月の街道広きかな,7,セルを着て髪美しき男かな
セーターの胸あたたかき誕生日,-22.196146,0.9888873100280762,0.9999997019767761,セーター,三冬,,0,,5,"セーター, 胸, かき, 誕生, 日",17,8,春塵の顔あたたかき泡の中,8,くれなゐの闇あたたかき雛の間,8,歳晩の雨あたたかき父の家
セーターに顎埋めてゐる子供かな,-22.203465,0.9865714907646179,0.9999997019767761,セーター,三冬,かな,2,"埋め, ゐる",3,"セーター, 顎, 子供",17,7,セーターに顎を埋めて少女期去る,7,虫売に叱られてゐる子供かな,8,形代になでられてゐる子供かな
セーターを着せられてゐる車椅子,-22.210754,0.9945200681686401,0.9999997019767761,セーター,三冬,,2,"着せ, ゐる",3,"セーター, 車, 椅子",17,6,セーターを着せられし子の兎跳び,8,外套を着せられてゐる別れかな,8,死に真似をさせられてゐる春の夢
セーターの胸美しく老いにけり,-22.231867,0.9887427687644958,0.9999997019767761,セーター,三冬,けり,0,,4,"セーター, 胸, 老い, けり",17,6,セーターの赤が似合ひて老いにけり,6,秋蝶に猶美しく老いにけり,7,秋団扇背筋正しく老いにけり
セーターの襟を正して坐りけり,-22.268232,0.991299033164978,0.9999997019767761,セーター,三冬,けり,2,"正し, 坐り",3,"セーター, 襟, けり",17,7,藁の上の暖くして坐りけり,7,木の実独楽影を正して回りけり,7,野施行の水を濁して戻りけり
セーターをはみ出してゐる女かな,-22.323198,0.9926854372024536,0.9999997019767761,セーター,三冬,かな,2,"はみ出し, ゐる",2,"セーター, 女",17,5,フレームをはみ出してゐる蕾かな,6,鼠花火をはげましてゐる女かな,7,箱釣を跼み見てゐる女かな
セーターを胸の高さに吊しけり,-22.384478,0.9921478629112244,0.9999997019767761,セーター,三冬,けり,1,吊し,3,"セーター, 胸, けり",17,7,セーターを着て風狂に遠くをり,8,月見草胸の高さにひらきけり,8,セーターの胸にV切る銀ぐさり
セーターを着て父となり母となり,-22.477081,0.9920412302017212,0.9999997019767761,セーター,三冬,,3,"着, なり, なり",3,"セーター, 父, 母",17,7,セルを着て人となり女とはなりぬ,7,セーターを着て風狂に遠くをり,7,破魔矢受く子は父となり母となり
セーターの胸の奥より妻の声,-22.522358,0.9891853332519531,0.9999997019767761,セーター,三冬,,0,,5,"セーター, 胸, 奥, 妻, 声",17,6,癒えたりし胸の奥より秋の声,7,鷺草や家の奥より母の声,7,セーターの錨の模様胸を逸れ
セーターを着せかけてゐる子供かな,-22.531076,0.991524875164032,0.9999997019767761,セーター,三冬,かな,3,"着せ, かけ, ゐる",2,"セーター, 子供",17,8,外套を着せられてゐる別れかな,8,噴水に手をあててゐる子供かな,9,秋光を傷つけてゐる蜻蛉かな
セーターを着せられてゐる子供たち,-22.57329,0.9930062294006348,0.9999976754188538,セーター,三冬,,2,"着せ, ゐる",2,"セーター, 子供",17,7,セーターを着せられし子の兎跳び,8,外套を着せられてゐる別れかな,9,虫売に叱られてゐる子供かな
セーターの胸の高さを選びをり,-22.622705,0.9880186915397644,0.9999997019767761,セーター,三冬,,0,,3,"セーター, 胸, 選び",17,7,セーターの胸にV切る銀ぐさり,8,メーデーの一日を墓に遊びをり,8,セーターの袖口ゆるく一人なり
セーターの胸に釦のありにけり,-22.67306,0.991217315196991,0.9999997019767761,セーター,三冬,けり,0,,5,"セーター, 胸, 釦, あり, けり",17,6,セーターの上に口あり笑ひあり,6,風鈴の処に風のありにけり,6,大神神社の蟇に項のありにけり
セーターを着こなしてゐるところなり,-22.751225,0.9946204423904419,0.9999996423721313,セーター,三冬,,3,"着, こなし, ゐる",2,"セーター, ところ",17,8,鶫茶屋火を落しゐるところなり,9,葛の根を叩き潰してゐるところ,9,セーターを着て風狂に遠くをり
セーターを着せられながら歩くなり,-22.891586,0.993005096912384,0.9999996423721313,セーター,三冬,,2,"着せ, 歩く",1,セーター,17,7,セーターを着せられし子の兎跳び,8,セーターを着て風狂に遠くをり,9,セーターに着きし羽毛のいづくより
セーターを着て病院に入りにけり,-22.942581,0.9976419806480408,0.9999997019767761,セーター,三冬,けり,2,"着, 入り",3,"セーター, 病院, けり",17,6,セーターを着て風狂に遠くをり,7,横縞を着て陽炎に入りゆけり,8,初刷を持ちて炬燵に入りにけり
セーターを着せられてゐる父と母,-22.95156,0.9896478056907654,0.9999997019767761,セーター,三冬,,2,"着せ, ゐる",3,"セーター, 父, 母",17,6,セーターを着せられし子の兎跳び,8,外套を着せられてゐる別れかな,8,死に真似をさせられてゐる春の夢
セーターを着せられながら歩きけり,-22.953772,0.9928287267684937,0.9999996423721313,セーター,三冬,けり,2,"着せ, 歩き",2,"セーター, けり",17,7,セーターを着せられし子の兎跳び,9,走馬灯闇着せられて売られけり,9,セーターを着て風狂に遠くをり
セーターの胸の高さを越えにけり,-23.002441,0.9865583181381226,0.9999997019767761,セーター,三冬,けり,1,越え,3,"セーター, 胸, けり",17,6,秋燕の富士の高さを越えにけり,7,白薔薇の胸の高さに咲きにけり,7,涅槃会の風の峠を越えにけり
セーターに顔押しつけて戻りけり,-23.007347,0.9857213497161865,0.9999997019767761,セーター,三冬,けり,2,"押しつけ, 戻り",3,"セーター, 顔, けり",17,8,セーターに顔出して遠き山が見ゆ,8,文机に顔押しつけて昼寝哉,8,総身に滝音つめて戻りけり
セーターの胸あたたかし誕生日,-23.015602,0.9857205748558044,0.9999997019767761,セーター,三冬,,1,し,4,"セーター, 胸, 誕生, 日",17,7,人の顔ほのあたたかし三ヶ日,8,セーターの上から触れし力瘤,8,石坑の口あたたかし冬の菊
セーターに顔埋めてゐる少女かな,-23.020725,0.9879190921783447,0.9999997019767761,セーター,三冬,かな,2,"埋め, ゐる",3,"セーター, 顔, 少女",17,7,セーターに顎を埋めて少女期去る,8,セーターに顔出して遠き山が見ゆ,8,セーターに乳頭尖らせて少女
セーターを着せられてゐる風の中,-23.077211,0.9953118562698364,0.9999997019767761,セーター,三冬,,2,"着せ, ゐる",3,"セーター, 風, 中",17,6,セーターを着せられし子の兎跳び,7,死に真似をさせられてゐる春の夢,8,風呂敷を褒められてゐる山の芋
セーターの胸の高さにあたたかし,-23.111664,0.9819900393486023,0.9999997019767761,セーター,三冬,,0,,2,"セーター, 胸",17,7,メーデーの腕くめば雨にあたたかし,7,金堂の扉の旦暮にあたたかし,8,泪てふものの流れてあたたかし
セーターの襟を正して結び髪,-23.11826,0.9610113501548767,0.9999996423721313,セーター,三冬,,1,正し,4,"セーター, 襟, 結び, 髪",17,7,夏山の襟を正して最上川,8,セーターの上から触れし力瘤,8,雪冷えの膝を正して強飯式
セーターの胸の高さを乗り越えて,-23.133326,0.9824625849723816,0.9999996423721313,セーター,三冬,,1,乗り越え,2,"セーター, 胸",17,8,セーターの胸の薔薇ごと愛さるる,9,セーターの胸にV切る銀ぐさり,9,笹鳴の笹の高さを移り来つ
セーターを着こなしてゐる二人かな,-23.159193,0.9943415522575378,0.9999997019767761,セーター,三冬,かな,3,"着, こなし, ゐる",2,"セーター, 二人",17,8,月の下指話をしてゐる二人かな,9,冬の蚊の往来してゐる二間かな,9,睨む目を見返してゐる秋暑かな
セーターの胸の高さに女立つ,-23.165726,0.9865205883979797,0.9999997019767761,セーター,三冬,,1,立つ,3,"セーター, 胸, 女",17,7,祈る手の胸の高さに秋の風,7,セーターの錨の模様胸を逸れ,8,セーターの紫許せ紫禁城
セーターの胸の高さを飛ばしけり,-23.185223,0.9826562404632568,0.9999997019767761,セーター,三冬,けり,1,飛ばし,3,"セーター, 胸, けり",17,8,白薔薇の胸の高さに咲きにけり,8,麦踏みの胸の厚さを見たりけり,8,セーターの王子風邪気におはしけり
セーターの胸の高さに影法師,-23.18852,0.9810535907745361,0.9999997019767761,セーター,三冬,,0,,4,"セーター, 胸, 影, 法師",17,7,祈る手の胸の高さに秋の風,7,セーターの錨の模様胸を逸れ,8,教室の窓の高さに松手入
セーターを首にかけたる子供かな,-23.205677,0.984965980052948,0.9999997019767761,セーター,三冬,かな,1,かけ,3,"セーター, 首, 子供",17,7,小坊主の首にかけたる粽かな,7,一年を菊にかけたる男かな,7,夕蟇を杖にかけたる散歩かな
セーターの胸の高さを測量す,-23.215029,0.9859179258346558,0.9999997019767761,セーター,三冬,,1,測量す,3,"セーター, 胸, 測量",17,7,セーターの錨の模様胸を逸れ,8,セーターの紫許せ紫禁城,8,セーターの胸の薔薇ごと愛さるる
セーターの胸の高さを合掌す,-23.230015,0.9801681637763977,0.9999997019767761,セーター,三冬,,1,合掌す,3,"セーター, 胸, 合掌",17,7,セーターの錨の模様胸を逸れ,8,セーターの上から触れし力瘤,8,セーターの胸の薔薇ごと愛さるる
セーターの胸の高さを見失ふ,-23.273907,0.9875457286834717,0.9999997019767761,セーター,三冬,,1,見失ふ,2,"セーター, 胸",17,6,しんがりの鵯の速さを見失ふ,7,連峰のしののめ鷹を見失ふ,7,セーターの錨の模様胸を逸れ
セーターの襟を正しく結びけり,-23.27694,0.9872780442237854,0.9999997019767761,セーター,三冬,けり,0,,4,"セーター, 襟, 結び, けり",17,7,セーターの袖口ゆるく一人なり,8,肌寒う独座の襟を正しけり,8,水飯の箸を忙しく使ひけり
セーターを着て頬杖をつきにけり,-23.28221,0.9865385293960571,0.9999997019767761,セーター,三冬,けり,2,"着, つき",3,"セーター, 頬杖, けり",17,7,セーターを着て風狂に遠くをり,8,甚平を着て空中を歩きけり,8,セーターを着て晩年のまだ見えず
セーターに顎をのせたる子供かな,-23.282475,0.9857386946678162,0.9999997019767761,セーター,三冬,かな,1,のせ,3,"セーター, 顎, 子供",17,8,藁束に笠をのせたる案山子かな,8,雛の日の海をのせたる籬かな,8,霜解に転んで来たる子供かな
セーターの肩幅広き男の子,-23.319107,0.9844980835914612,0.9999997019767761,セーター,三冬,,1,き,3,"セーター, 肩, 男の子",17,7,セーターの紫許せ紫禁城,7,セーターの黒い弾力親不孝,8,セーターにつつむ遠野の喉仏
セーターの胸の高さを顧みる,-23.364265,0.9846317768096924,0.9999997019767761,セーター,三冬,,1,顧みる,2,"セーター, 胸",17,7,セーターの胸の薔薇ごと愛さるる,7,セーターに頭のかたち頭出る,7,セーターの錨の模様胸を逸れ
セーターの胸の高さを支へたる,-23.444574,0.9899867177009583,0.9999997019767761,セーター,三冬,,0,,3,"セーター, 胸, 支",17,7,セーターの胸の薔薇ごと愛さるる,8,セーターに頭のかたち頭出る,8,セーターの中に貧しき丘がある
セーターを着せられて来し男かな,-23.462877,0.9926572442054749,0.9999997019767761,セーター,三冬,かな,2,"着せ, 来",2,"セーター, 男",17,6,セーターを着せられし子の兎跳び,8,外套を着せられてゐる別れかな,9,セーターを着て晩年のまだ見えず
セーターを着て新聞を読みはじむ,-23.470022,0.9943253993988037,0.9999986886978149,セーター,三冬,,2,"着, 読み",3,"セーター, 新聞, はじ",17,8,セーターを着て晩年のまだ見えず,8,セーターを着て風狂に遠くをり,8,自然薯の土つく新聞読みはじむ
セーターを着てまぶしがる子供かな,-23.489702,0.9872269630432129,0.9999996423721313,セーター,三冬,かな,1,着,2,"セーター, 子供",17,9,噴水に手をあててゐる子供かな,9,セルを着て髪美しき男かな,9,セーターを着せられし子の兎跳び
少年の日のセーターを着たりけり,-23.510592,0.9931555390357971,0.9999997019767761,セーター,三冬,けり,1,着,4,"少年, 日, セーター, けり",17,8,秋の蚊のその一匹を獲たりけり,8,花冷の藍大島を着たりけり,8,冬の日の夕照橋を渡りけり
セーターの胸の高さに帰りけり,-23.518715,0.9891229867935181,0.9999997019767761,セーター,三冬,けり,1,帰り,3,"セーター, 胸, けり",17,7,セーターの胸にV切る銀ぐさり,7,武蔵野の雛の小家に帰りけり,7,河骨の水の幽さに灯りけり
セーターをはみ出してゐる夫婦かな,-23.567945,0.9919520616531372,0.9999997019767761,セーター,三冬,かな,2,"はみ出し, ゐる",2,"セーター, 夫婦",17,6,フレームをはみ出してゐる蕾かな,7,囀のはみ出してゐる大樹かな,8,白波を繰り出してゐる霞かな
セーターに胸のぬくもりありにけり,-23.572582,0.9848441481590271,0.9999997019767761,セーター,三冬,けり,0,,5,"セーター, 胸, ぬくもり, あり, けり",17,6,月白の稲にぬくもりありにけり,7,羽子板に胸のふくらみありにけり,8,初蝶に髯の手ざはりありにけり
セーターの胸の高さを競いけり,-23.583172,0.9783252477645874,0.9999997019767761,セーター,三冬,けり,1,競い,3,"セーター, 胸, けり",17,7,セーターの胸にV切る銀ぐさり,8,誰かれの墓の高さに菊咲けり,8,セーターの錨の模様胸を逸れ
セーターの襟を正して眠りけり,-23.612566,0.991780698299408,0.9999997019767761,セーター,三冬,けり,2,"正し, 眠り",3,"セーター, 襟, けり",17,7,木の実独楽影を正して回りけり,7,鴛鴦の襖を隔て眠りけり,7,野施行の水を濁して戻りけり
セーターの胸ポケツトに手を置きて,-23.616882,0.9867712259292603,0.9999997019767761,セーター,三冬,,1,置き,4,"セーター, 胸, ポケツト, 手",17,8,ナイターの坩堝の中に身を置きて,9,枯山や子の骨格に手を置きて,9,毛見衆のポケツトに手を突こんで
セーターの胸の高さに眼鏡拭く,-23.632622,0.9839441776275635,0.9999997019767761,セーター,三冬,,1,拭く,3,"セーター, 胸, 眼鏡",17,8,セーターの胸の薔薇ごと愛さるる,8,あら玉の年の始めの眼鏡拭く,8,セーターの錨の模様胸を逸れ
セーターの中の一人が笑ひ出す,-23.652185,0.9938786625862122,0.9999997019767761,セーター,三冬,,2,"笑ひ, 出す",3,"セーター, 中, 一人",17,7,五智如来の中の一人が咳こぼす,7,セーターの上に口あり笑ひあり,8,セーターに頭のかたち頭出る
セーターの胸の高さを身につけて,-23.657887,0.9818683862686157,0.9898203015327454,セーター,三冬,,1,つけ,3,"セーター, 胸, 身",17,8,セーターの胸の薔薇ごと愛さるる,8,穴惑ばらの刺繍を身につけて,9,白薔薇の胸の高さに咲きにけり
セーターを着せられてゐる妻の膝,-23.69077,0.9942234754562378,0.9999997019767761,セーター,三冬,,2,"着せ, ゐる",3,"セーター, 妻, 膝",17,6,セーターを着せられし子の兎跳び,7,死に真似をさせられてゐる春の夢,8,風呂敷を褒められてゐる山の芋
セーターを着せられてゐる高さかな,-23.697645,0.995031476020813,0.9999997019767761,セーター,三冬,かな,2,"着せ, ゐる",1,セーター,17,6,外套を着せられてゐる別れかな,7,セーターを着せられし子の兎跳び,8,下萌にねじ伏せられてゐる子かな
セーターの胸の上なる乳房かな,-23.70308,0.9768049716949463,0.9999997019767761,セーター,三冬,かな,0,,4,"セーター, 胸, 上, 乳房",17,7,クローバの丘の上なる牧舎かな,7,はんざきの石の上なる眠りかな,7,父の忌の海の上なる星座かな
セーターの胸の高さの見えてゐる,-23.70393,0.9860144257545471,0.9999997019767761,セーター,三冬,,2,"見え, ゐる",2,"セーター, 胸",17,7,セーターの胸の薔薇ごと愛さるる,8,雪卸し有事の艦の見えてゐる,8,セーターの赤標的になっている
セーターの胸の高さに風吹けり,-23.712057,0.9833542108535767,0.9999997019767761,セーター,三冬,けり,0,,4,"セーター, 胸, 風吹, けり",17,7,白薔薇の胸の高さに咲きにけり,7,誰かれの墓の高さに菊咲けり,7,送り火や胸の高さに風吹いて
セーターの襟を正して戻りけり,-23.735409,0.9902607798576355,0.9999997019767761,セーター,三冬,けり,2,"正し, 戻り",3,"セーター, 襟, けり",17,6,野施行の水を濁して戻りけり,7,葉隠りの滝に礼して戻りけり,7,人妻の茅の輪を抜けて戻りけり
セーターの中の一人と思ひけり,-23.761835,0.9937450289726257,0.9999997019767761,セーター,三冬,けり,1,思ひ,4,"セーター, 中, 一人, けり",17,7,うすものの声よき人と思ひけり,7,普陀落の海の鯨と思ひけり,7,雛壇の外の一生と思ひをり
セーターの紐ゆるやかに反抗期,-23.76246,0.9892306327819824,0.9999997019767761,セーター,三冬,,0,,4,"セーター, 紐, 反抗, 期",17,7,春の夜の紐ゆるやかに束ね髪,8,二挺艪の音ゆるやかに蝶の昼,8,混浴の刻ゆるやかに夏木立
セーターの胸の高さに立ちつくす,-23.764652,0.9851555228233337,0.9999997019767761,セーター,三冬,,1,立ちつくす,2,"セーター, 胸",17,7,野の末の雁の別れに立ちつくす,8,別れ蚊や瓜割の井に立ちつくす,8,セーターの胸の薔薇ごと愛さるる
セーターを着せられし手をかざしけり,-23.778713,0.9904997944831848,0.9999997019767761,セーター,三冬,けり,2,"着せ, かざし",3,"セーター, 手, けり",17,7,セーターを着せられし子の兎跳び,9,春火鉢かじかみし手をかざしけり,10,揚雲雀鏃掘る手をかざしけり
セーターの胸をはだけて睡りけり,-23.779745,0.9861694574356079,0.9999997019767761,セーター,三冬,けり,2,"はだけ, 睡り",3,"セーター, 胸, けり",17,8,セーターの赤が似合ひて老いにけり,8,セーターの胸にV切る銀ぐさり,8,人妻の茅の輪を抜けて戻りけり
セーターの胸の高さのあきらかに,-23.788942,0.9836990833282471,0.9999996423721313,セーター,三冬,,0,,2,"セーター, 胸",17,7,早苗田の風の形のあきらかに,8,蝉鳴きだす海の背筋のあきらかに,8,新樹風鳶の尾舵のあきらかに
セーターを着せられてゐること忘れ,-23.805613,0.9941155910491943,0.9999996423721313,セーター,三冬,,3,"着せ, ゐる, こと忘れ",2,"セーター, こと",17,7,セーターを着せられし子の兎跳び,8,外套を着せられてゐる別れかな,9,死に真似をさせられてゐる春の夢
セーターの胸の高さの少年期,-23.814823,0.9871160984039307,0.9999997019767761,セーター,三冬,,0,,4,"セーター, 胸, 少年, 期",17,7,セーターの錨の模様胸を逸れ,8,セーターの黒い弾力親不孝,8,粽の盆胸の高さに六年生
セーターの胸の高さを測りつつ,-23.850399,0.988686203956604,0.9999996423721313,セーター,三冬,,1,測り,2,"セーター, 胸",17,7,笹鳴の笹の高さを移り来つ,8,セーターの錨の模様胸を逸れ,8,セーターの胸にV切る銀ぐさり
セーターを着て鉛筆を使ひをり,-23.852148,0.9915215969085693,0.9999997019767761,セーター,三冬,,2,"着, 使ひ",2,"セーター, 鉛筆",17,5,セーターを着て風狂に遠くをり,8,セーターを着て晩年のまだ見えず,8,セーターの上に口あり笑ひあり
セーターの襟を正してあはれなり,-23.865767,0.9899753332138062,0.9999997019767761,セーター,三冬,,1,正し,3,"セーター, 襟, あはれ",17,8,渋柿の色艶栄えてあはれなり,8,草の市價安くてあはれなり,8,行く秋の涙もなしにあはれなり
セーターをひとまはりして売られけり,-23.886858,0.9868003726005554,0.9999996423721313,セーター,三冬,けり,2,"はりし, 売ら",5,"セーター, ひと, ま, はり, けり",17,9,その青田ひとめぐりして別れけり,9,紅い芙蓉をひとまはりして来る子です,10,種池を一とまはりして山へ消ゆ
セーターを着て青年の日なりけり,-23.91591,0.9930312037467957,0.9999996423721313,セーター,三冬,けり,2,"着, 日なり",4,"セーター, 青年, 日, けり",17,6,セーターを着て晩年のまだ見えず,7,甚平を着て鬼貫の忌なりけり,7,セーターを着て風狂に遠くをり
セーターの襟を正しと結びけり,-23.921682,0.8961092233657837,0.9999997019767761,セーター,三冬,けり,1,正し,4,"セーター, 襟, 結び, けり",17,7,小満の風を青しと遊びけり,8,苧の露白々と結びけり,8,肌寒う独座の襟を正しけり
セーターの胸の高さに反り返る,-23.93706,0.9815393686294556,0.9999997019767761,セーター,三冬,,1,反り返る,2,"セーター, 胸",17,7,セーターの胸の薔薇ごと愛さるる,7,早咲きの梅の白さに振り返る,8,セーターの赤標的になっている
セーターを着せられてゐること愉し,-23.97627,0.994281530380249,0.9999997019767761,セーター,三冬,,2,"着せ, ゐる",2,"セーター, こと",17,7,セーターを着せられし子の兎跳び,8,外套を着せられてゐる別れかな,9,死に真似をさせられてゐる春の夢
セーターの襟を正しく並べけり,-23.992928,0.9889740943908691,0.9999997019767761,セーター,三冬,けり,1,並べ,3,"セーター, 襟, けり",17,7,セーターの袖口ゆるく一人なり,8,春の海岬の数を並べけり,8,セーターの上に口あり笑ひあり
セーターの胸を写真に撮られをり,-24.006891,0.8925929665565491,0.9999997019767761,セーター,三冬,,1,撮ら,3,"セーター, 胸, 写真",17,8,セーターの胸にV切る銀ぐさり,8,セーターを着て風狂に遠くをり,8,クーラーの風音脳波とられをり
セーターに包む憲法記念の日,-24.016079,0.9894412159919739,0.9999997019767761,セーター,三冬,,1,包む,4,"セーター, 憲法, 記念, 日",17,6,東京に滞在憲法記念の日,6,修正ペン滲む憲法記念の日,7,大仏を仰ぐ憲法記念の日
セーターを着せられてゐる乙女かな,-24.038116,0.9948224425315857,0.9999997019767761,セーター,三冬,かな,2,"着せ, ゐる",2,"セーター, 乙女",17,6,外套を着せられてゐる別れかな,7,セーターを着せられし子の兎跳び,8,福耳を褒められてゐる接木かな
セーターの肩のあたりが動き出す,-24.049046,0.9883266687393188,0.9999996423721313,セーター,三冬,,2,"動き, 出す",3,"セーター, 肩, あたり",17,8,セーターに頭のかたち頭出る,9,セーターの上に口あり笑ひあり,9,観音の腰のあたりに春蚊出づ
セーターの男ばかりの車椅子,-24.066393,0.9849947690963745,0.9999997019767761,セーター,三冬,,0,,4,"セーター, 男, 車, 椅子",17,7,早苗饗の女ばかりの車座も,7,潮焼の男ばかりの踊かな,7,七十路の男ばかりの花筵
セーターの胸の高さに星ひとつ,-24.086496,0.9823897480964661,0.9999997019767761,セーター,三冬,,0,,4,"セーター, 胸, 星, ひと",17,8,祈る手の胸の高さに秋の風,8,セーターの上に口あり笑ひあり,8,夜鷹鳴く森の高さに星ひかり
セーターの胸のあたりを歩くなり,-24.100792,0.9894958138465881,0.9999997019767761,セーター,三冬,,1,歩く,3,"セーター, 胸, あたり",17,8,鶏頭の首のあたりを憎みけり,8,セーターの袖口ゆるく一人なり,8,セーターの胸にV切る銀ぐさり
セーターの胸の高さで吹かれをり,-24.106703,0.9824642539024353,0.9999997019767761,セーター,三冬,,1,吹か,2,"セーター, 胸",17,8,セーターの胸にV切る銀ぐさり,8,衣紋竹僧の衣の吹かれをり,8,セーターの胸の薔薇ごと愛さるる
セーターの胸美しく反抗期,-24.115376,0.985838770866394,0.9999997019767761,セーター,三冬,,0,,4,"セーター, 胸, 反抗, 期",17,7,セーターの紫許せ紫禁城,7,セーターの黒い弾力親不孝,8,サイダーの泡ぶくぶくと反抗期
セーターの胸あたたかきところまで,-24.12408,0.984551191329956,0.9999996423721313,セーター,三冬,,0,,4,"セーター, 胸, かき, ところ",17,8,藁を抜く藁塚あたたかきところより,8,墓地といふ冬あたたかきところかな,9,八千草の中のさみしきところまで
セーターを胸に吊して妻帰る,-24.147573,0.9930206537246704,0.9999997019767761,セーター,三冬,,2,"吊し, 帰る",3,"セーター, 胸, 妻",17,7,セーターの中に貧しき丘がある,8,餌台の餌を残して鳥帰る,8,高館に声を落して雁帰る
セーターの胸いっぱいに空がある,-24.168716,0.9837222695350647,0.9999997019767761,セーター,三冬,,1,ある,4,"セーター, 胸, いっぱい, 空",17,7,セーターの中に貧しき丘がある,8,炎昼の径いつぱいに牛がくる,8,セーターの胸の薔薇ごと愛さるる
セーターを著て美しく老いにけり,-24.186756,0.9918341040611267,0.9999997019767761,セーター,三冬,けり,1,著,3,"セーター, 老い, けり",17,7,セーターの赤が似合ひて老いにけり,7,秋蝶に猶美しく老いにけり,8,セーターを着て風狂に遠くをり
セーターの胸熱くして妻帰る,-24.201086,0.9869711399078369,0.9999997019767761,セーター,三冬,,2,"し, 帰る",3,"セーター, 胸, 妻",17,7,セーターの中に貧しき丘がある,8,セーターの胸にV切る銀ぐさり,8,オーバーの裾長にして老教授
セーターの襟を正して並べけり,-24.211042,0.9862796068191528,0.9999996423721313,セーター,三冬,けり,2,"正し, 並べ",3,"セーター, 襟, けり",17,8,糊浴衣威儀を正して乾きけり,8,春の海岬の数を並べけり,8,メーデーの原宿に来て別れけり
セーターに顎埋めて泣く少女かな,-24.216593,0.9874200820922852,0.9999997019767761,セーター,三冬,かな,2,"埋め, 泣く",3,"セーター, 顎, 少女",17,6,セーターに顎を埋めて少女期去る,8,セーターに乳頭尖らせて少女,9,セーターに顎まで埋め怠惰なり
セーターの胸の高さにはじまれり,-24.227098,0.9847986698150635,0.9999997019767761,セーター,三冬,,1,はじまれ,2,"セーター, 胸",17,7,ポスターの縞馬に夏はじまれり,8,梅雨の雷化石の森にはじまれり,8,泥染の泥の炎天はじまれり
セーターに顎の力のありにけり,-24.241028,0.9641140699386597,0.9999997019767761,セーター,三冬,けり,0,,5,"セーター, 顎, 力, あり, けり",17,6,幽霊の指に力のありにけり,7,桐一葉村に忌中のありにけり,7,初硯墨に五彩のありにけり
セーターの胸の高さに深入りす,-24.2451,0.9851672649383545,0.9999997019767761,セーター,三冬,,1,深入りす,3,"セーター, 胸, 深入り",17,8,セーターの錨の模様胸を逸れ,8,セーターの胸の薔薇ごと愛さるる,8,梅二月女神の山に深入りす
セーターの胸の高さを誇りとす,-24.250622,0.9843363165855408,0.9999997019767761,セーター,三冬,,1,す,3,"セーター, 胸, 誇り",17,8,笹鳴の笹の高さを移り来つ,8,朱い実で空の高さを計ります,8,セーターの錨の模様胸を逸れ
セーターの紺の匂ひを持ち歩く,-24.270996,0.9849638342857361,0.9999997019767761,セーター,三冬,,2,"匂ひ, 持ち歩く",2,"セーター, 紺",17,6,初売りのパンの匂ひを持ち歩く,8,雪の傘ひとつの齟齬を持ち歩く,8,弓のごとく桜の枝を持ち歩く
セーターの胸の高さを競ひあぐ,-24.292828,0.979486346244812,0.9999997019767761,セーター,三冬,,0,,4,"セーター, 胸, 競, ひ",17,7,セーターの上に口あり笑ひあり,8,セーターの中に貧しき丘がある,8,昼寝覚舌の長さを競ひあふ
セーターを着て少年の日を愛す,-24.298395,0.9923444986343384,0.9999997019767761,セーター,三冬,,2,"着, 愛す",3,"セーター, 少年, 日",17,6,セーターを着て晩年のまだ見えず,7,セーターを着て風狂に遠くをり,9,甘藍をだく夕焼の背を愛す
セーターの中に睫毛のありにけり,-24.300032,0.98687344789505,0.9999997019767761,セーター,三冬,けり,0,,5,"セーター, 中, 睫毛, あり, けり",17,6,水音の中に小春のありにけり,6,金魚玉の中に睡魔のありにけり,7,曝涼の間に姿見のありにけり
セーターを着こなしてゐること忘れ,-24.311657,0.9909390807151794,0.9999996423721313,セーター,三冬,,4,"着, こなし, ゐる, こと忘れ",2,"セーター, こと",17,10,玄冬の川を見てゐることが旅,10,葛の根を叩き潰してゐるところ,10,セーターを着せられし子の兎跳び
セーターを着せられてゐる朝の髪,-24.327896,0.9872651100158691,0.9999997019767761,セーター,三冬,,2,"着せ, ゐる",3,"セーター, 朝, 髪",17,6,セーターを着せられし子の兎跳び,7,死に真似をさせられてゐる春の夢,8,風呂敷を褒められてゐる山の芋
セーターの胸の高さに海青し,-24.329102,0.9854967594146729,0.9999997019767761,セーター,三冬,,1,青し,4,"セーター, 胸, 海, 青",17,7,祈る手の胸の高さに秋の風,7,セーターの錨の模様胸を逸れ,8,秋の野の花の高さに風遊ぶ
セーターの胸の奥より目覚めけり,-24.34875,0.9881493449211121,0.9999997019767761,セーター,三冬,けり,1,目覚め,4,"セーター, 胸, 奥, けり",17,8,セーターの胸にV切る銀ぐさり,8,セーターの胸の薔薇ごと愛さるる,8,セーターの上に口あり笑ひあり
セーターを着ていつまでも歩きをり,-24.371635,0.9965749979019165,0.9999996423721313,セーター,三冬,,2,"着, 歩き",1,セーター,17,7,セーターを着て風狂に遠くをり,9,セルを着て父の世戦後続きをり,9,セーターを着て晩年のまだ見えず
セーターの胸の高さに廻り道,-24.374096,0.9661461710929871,0.9999997019767761,セーター,三冬,,0,,3,"セーター, 胸, 廻り道",17,7,祈る手の胸の高さに秋の風,7,セーターの錨の模様胸を逸れ,8,燈台の膝の高さに黒揚羽
セーターに肩幅広き男あり,-24.411442,0.9897520542144775,0.9999997019767761,セーター,三冬,,1,き,4,"セーター, 肩, 男, あり",17,7,セーターや蒼茫と山北にあり,7,セーターの上に口あり笑ひあり,8,朝顔の実にふれ遠き昔あり
セーターを着せられてゐる教師の手,-24.41309,0.9938859343528748,0.9999997019767761,セーター,三冬,,2,"着せ, ゐる",3,"セーター, 教師, 手",17,7,セーターを着せられし子の兎跳び,8,外套を着せられてゐる別れかな,8,死に真似をさせられてゐる春の夢
セーターの襟を正して膝小僧,-24.413631,0.9896340370178223,0.9999997019767761,セーター,三冬,,1,正し,4,"セーター, 襟, 膝, 小僧",17,7,夏山の襟を正して最上川,8,セーターの黒い弾力親不孝,8,セーターの中に貧しき丘がある
セーターの首まつすぐに立ち上がる,-24.414597,0.9818075299263,0.9999997019767761,セーター,三冬,,1,立ち上がる,2,"セーター, 首",17,6,蟻の道碑へまつすぐに立ち上がる,8,サーファーの波の刃に立ち上がる,9,寒の馬首まつすぐに街に入る
セーターの襟を正しと思ひけり,-24.415781,0.9756055474281311,0.9999997019767761,セーター,三冬,けり,2,"正し, 思ひ",3,"セーター, 襟, けり",17,6,久女忌の髪を重しと思ひけり,7,雪の傘人美しと思ひけり,7,枯野ゆく帯を重しと思ひけり
セーターの胸いつぱいに反抗期,-24.4164,0.9867293834686279,0.9999997019767761,セーター,三冬,,0,,4,"セーター, 胸, 反抗, 期",17,8,父の日の紙いつぱいに父の顔,8,セーターの黒い弾力親不孝,8,セーターの胸にV切る銀ぐさり
セーターを着て目鼻なき少女かな,-24.44621,0.9951349496841431,0.9999997019767761,セーター,三冬,かな,1,着,3,"セーター, 目鼻, 少女",17,8,セーターを着て晩年のまだ見えず,8,セーターを着て風狂に遠くをり,8,セルを着て髪美しき男かな
セーターの胸の高さの淋しさよ,-24.457315,0.983445405960083,0.9999997019767761,セーター,三冬,,0,,2,"セーター, 胸",17,7,セーターの胸にV切る銀ぐさり,7,嵯峨面の紙の軽さの涼しさよ,7,セーターの胸の薔薇ごと愛さるる
セーターに顎埋めてゐる女優かな,-24.467922,0.9892288446426392,0.9999997019767761,セーター,三冬,かな,2,"埋め, ゐる",3,"セーター, 顎, 女優",17,6,セーターに顎を埋めて少女期去る,9,セーラー服白のきはまる五月かな,9,朝の日に笹子きてゐる流かな
セーターの胸の高さを解かれけり,-24.479136,0.9849348068237305,0.9999997019767761,セーター,三冬,けり,1,解か,3,"セーター, 胸, けり",17,8,白薔薇の胸の高さに咲きにけり,8,田の草の花の盛りを引かれけり,8,セーターの胸の薔薇ごと愛さるる
セーターのまぶしきまでに匂ひけり,-24.48601,0.9824502468109131,0.9999997019767761,セーター,三冬,けり,1,匂ひ,3,"セーター, しき, けり",17,8,筍のかなしきまでに湿りけり,8,梅雨明けのまぶしき顔の揃ひけり,9,マフラーやうれしきまでに月あかり
セーターの胸の高さを思いおり,-24.492514,0.9904991388320923,0.9999996423721313,セーター,三冬,,2,"思い, おり",2,"セーター, 胸",17,7,セーターの胸にV切る銀ぐさり,8,落球と藤の長さを思いけり,8,セーターの上に口あり笑ひあり
セーターの胸の高さにピアノ鳴る,-24.494984,0.9829972982406616,0.9999997019767761,セーター,三冬,,1,鳴る,3,"セーター, 胸, ピアノ",17,7,セーターの胸の薔薇ごと愛さるる,8,セーターの赤標的になっている,9,セーターの錨の模様胸を逸れ
セーターの胸の奥まで見通しに,-24.500319,0.9822655320167542,0.9999996423721313,セーター,三冬,,0,,4,"セーター, 胸, 奥, 見通し",17,8,セーターの樅の木の色会ひたしよ,8,セーターの胸にV切る銀ぐさり,8,余呉の駅寒し湖まで見通しに
セーターの胸の高さに目覚めたり,-24.500742,0.9874948859214783,0.9999997019767761,セーター,三冬,,1,目覚め,2,"セーター, 胸",17,8,雲海の高さに目覚め故郷たり,8,セーターの胸の薔薇ごと愛さるる,8,セーターの胸にV切る銀ぐさり
セーターに顎つつ込んで妻の留守,-24.509794,0.9911481738090515,0.9999997019767761,セーター,三冬,,1,込ん,4,"セーター, 顎, 妻, 留守",17,7,セーターにつつむ遠野の喉仏,9,セーターに顎を埋めて少女期去る,9,セーターに顎まで埋め怠惰なり
セーターの胸の高さを飛び越えて,-24.517057,0.9769943356513977,0.9999992251396179,セーター,三冬,,1,飛び越え,2,"セーター, 胸",17,8,セーターの胸の薔薇ごと愛さるる,9,セーターの樅の木の色会ひたしよ,9,強風の落葉礎石を跳び越えて
セーターを着せられている父と母,-24.53931,0.9879076480865479,0.9999996423721313,セーター,三冬,,2,"着せ, いる",3,"セーター, 父, 母",17,6,セーターを着せられし子の兎跳び,9,セーターをあれこれ鏡に夫癒ゆる,9,外套を着せられてゐる別れかな
セーターを着て約束を違へたる,-24.586233,0.9935317635536194,0.9999996423721313,セーター,三冬,,2,"着, 違へ",2,"セーター, 約束",17,7,セーターを着て風狂に遠くをり,8,セーターを着て晩年のまだ見えず,9,セーターを両手縛りに肚決めて
セーターの胸をはだけて疾走す,-24.597626,0.984574556350708,0.9999997019767761,セーター,三冬,,2,"はだけ, 疾走す",3,"セーター, 胸, 疾走",17,8,セーターの胸にV切る銀ぐさり,8,炎天の鎖をひいて疾走す,8,甚平の前をはだけて宇宙論
セーターの襟を正しく揃へたる,-24.618484,0.9888333678245544,0.9999997019767761,セーター,三冬,,1,揃へ,2,"セーター, 襟",17,7,セーターの中に貧しき丘がある,8,セーターの袖口ゆるく一人なり,8,セーターの赤標的になっている
セーターを着て人形の顔となる,-24.620071,0.9943647384643555,0.9999997019767761,セーター,三冬,,2,"着, なる",3,"セーター, 人形, 顔",17,7,寒紅をひきて女形の顔となる,7,セーターを着て晩年のまだ見えず,7,セーターを着て風狂に遠くをり
セーターを着せられてゐる真昼かな,-24.624887,0.9942485094070435,0.9999997019767761,セーター,三冬,かな,2,"着せ, ゐる",2,"セーター, 真昼",17,6,外套を着せられてゐる別れかな,7,セーターを着せられし子の兎跳び,8,下萌にねぢ伏せられてゐる子かな
セーターを首に吊して写真撮る,-24.633572,0.9870632886886597,0.9999997019767761,セーター,三冬,,2,"吊し, 撮る",3,"セーター, 首, 写真",17,7,セーターの中に貧しき丘がある,8,合鍵を首に吊して風となる日,9,十団子を軒に吊して許六の忌
セーターの襟を正して客を待つ,-24.646793,0.9917486906051636,0.9999997019767761,セーター,三冬,,2,"正し, 待つ",3,"セーター, 襟, 客",17,6,籐椅子の位置を正して客を待つ,8,萩千枝花を盡して望を待つ,8,セーターの錨の模様胸を逸れ
セーターを着て橋渡る女かな,-24.65883,0.9959235787391663,0.9999997019767761,セーター,三冬,かな,2,"着, 橋渡る",3,"セーター, 橋, 女",17,7,セーターを着て風狂に遠くをり,8,牡丹に家を毀てる埃かな,8,菅笠を着て鏡見る茶摘かな
セーターに赤鉛筆の走り書き,-24.6711,0.9790551066398621,0.9999996423721313,セーター,三冬,,0,,4,"セーター, 赤, 鉛筆, 走り書き",17,8,セーターに乳頭尖らせて少女,8,セーターに枯葉一片旅さむし,8,セーターにつつむ遠野の喉仏
セーターを着こなしてゐる母かなし,-24.699217,0.9901340007781982,0.9999997019767761,セーター,三冬,,3,"着, こなし, ゐる",2,"セーター, 母",17,9,白波を繰り出してゐる霞かな,9,鼠花火をはげましてゐる女かな,9,フレームをはみ出してゐる蕾かな
セーターの胸の高さを跨ぎ越す,-24.704075,0.9806389808654785,0.9999997019767761,セーター,三冬,,1,跨ぎ越す,2,"セーター, 胸",17,8,セーターの胸にV切る銀ぐさり,8,セーターの錨の模様胸を逸れ,8,セーターの胸の薔薇ごと愛さるる
セーターの胸の高さに立ち直る,-24.706049,0.9854375123977661,0.9999997019767761,セーター,三冬,,1,立ち直る,2,"セーター, 胸",17,7,寒林の海の蒼さに立ち上る,7,セーターの胸の薔薇ごと愛さるる,8,サーファーの寒の怒濤に立ち向ふ
セーターの胸の高さに身を揺らす,-24.710354,0.9832291007041931,0.9999997019767761,セーター,三冬,,1,揺らす,3,"セーター, 胸, 身",17,8,セーターの胸の薔薇ごと愛さるる,8,セーターの錨の模様胸を逸れ,8,省線の夜の秋風に身を曝らす
セーターの胸のあたりを少女過ぐ,-24.711279,0.9847128987312317,0.9999997019767761,セーター,三冬,,0,,5,"セーター, 胸, あたり, 少女, ぐ",17,8,セーターの色とりどりに八岳仰ぐ,8,セーターの胸の薔薇ごと愛さるる,8,セーターの錨の模様胸を逸れ
セーターを着て大胆に老いゆくか,-24.714855,0.9880009293556213,0.9999997019767761,セーター,三冬,,3,"着, 老い, ゆく",1,セーター,17,7,セーターを着て風狂に遠くをり,8,寒灸の肩を互に老いゆくか,8,セーターを着て晩年のまだ見えず
セーターを着て行列の中にゐる,-24.71494,0.9892076849937439,0.999999463558197,セーター,三冬,,2,"着, ゐる",3,"セーター, 行列, 中",17,7,セーターを着て晩年のまだ見えず,7,セーターを着て風狂に遠くをり,8,小豆粥吹いて齢の中にゐる
セーターの胸の高さに身を沈め,-24.715628,0.985140323638916,0.9999996423721313,セーター,三冬,,1,沈め,3,"セーター, 胸, 身",17,7,セーターの錨の模様胸を逸れ,8,祈る手の胸の高さに秋の風,8,セーターの胸にV切る銀ぐさり
セーターを着せられてゐて真顔なり,-24.716442,0.9933844804763794,0.9999997019767761,セーター,三冬,,2,"着せ, ゐ",2,"セーター, 真顔",17,7,セーターを着せられし子の兎跳び,9,外套を着せられてゐる別れかな,9,セーターを着て風狂に遠くをり
セーターの胸の高さに母がゐる,-24.720297,0.9859730005264282,0.9999997019767761,セーター,三冬,,1,ゐる,3,"セーター, 胸, 母",17,7,セーターの中に貧しき丘がある,7,セーターの胸の薔薇ごと愛さるる,8,祈る手の胸の高さに秋の風
セーターの胸の高さで転勤す,-24.729013,0.9888529181480408,0.9999997019767761,セーター,三冬,,1,転勤す,3,"セーター, 胸, 転勤",17,7,セーターの錨の模様胸を逸れ,8,セーターの紫許せ紫禁城,8,セーターに頭のかたち頭出る
セーターの胸をはだけて恋の猫,-24.734238,0.9754747748374939,0.9999997019767761,セーター,三冬,,1,はだけ,4,"セーター, 胸, 恋, 猫",17,8,セーターの胸にV切る銀ぐさり,8,法要の座を駈け抜けて恋の猫,8,甚平の前をはだけて宇宙論
セーターに顎の力を集めけり,-24.738377,0.9862689971923828,0.9999997019767761,セーター,三冬,けり,1,集め,4,"セーター, 顎, 力, けり",17,6,単席に蕨の塵を集めけり,7,セーターに顎まで埋め怠惰なり,7,セーターに頭のかたち頭出る
セーターの胸の高さに海鳴りす,-24.745863,0.9842512607574463,0.9999997019767761,セーター,三冬,,0,,3,"セーター, 胸, 海鳴り",17,8,セーターの錨の模様胸を逸れ,8,セーターの胸にV切る銀ぐさり,8,初花の朴の高さに勤行す
セーターの胸の高さを揃へけり,-24.753744,0.9853938817977905,0.9999997019767761,セーター,三冬,けり,1,揃へ,3,"セーター, 胸, けり",17,7,母の日の母の草履を揃へけり,7,セーターの胸にV切る銀ぐさり,8,噴水の同じ高さを怖れけり
セーターの胸をはだけて立話,-24.78034,0.9842507839202881,0.9999997019767761,セーター,三冬,,1,はだけ,3,"セーター, 胸, 立話",17,8,駅煖炉添乳の胸をはだけたる,8,セーターの胸にV切る銀ぐさり,8,セーターの黒い弾力親不孝
セーターの胸の中まで美しく,-24.79209,0.9840680956840515,0.9999996423721313,セーター,三冬,,0,,3,"セーター, 胸, 中",17,7,セーターの錨の模様胸を逸れ,8,ひたひたと胸の中まで月の湖,8,セーターの胸にV切る銀ぐさり
セーターを着てレース編む女かな,-24.792442,0.9932855367660522,0.9999997019767761,セーター,三冬,かな,2,"着, 編む",3,"セーター, レース, 女",17,8,セーターを着て晩年のまだ見えず,8,セーターを着て風狂に遠くをり,9,セーターを脱ぎてセーターあたたかし
セーターの人形の胸突き刺さり,-24.80741,0.9685623049736023,0.9999997019767761,セーター,三冬,,1,突き刺さり,3,"セーター, 人形, 胸",17,7,セーターの胸にV切る銀ぐさり,8,セーターの袖口ゆるく一人なり,8,セーターの錨の模様胸を逸れ
セーターの胸熱くして老いにけり,-24.810833,0.9884034991264343,0.9999997019767761,セーター,三冬,けり,1,し,4,"セーター, 胸, 老い, けり",17,5,セーターの赤が似合ひて老いにけり,7,春愁の一句無くして老いにけり,7,保養所の猟犬にして老いにけり
セーターの中にも色のありにけり,-24.836218,0.9881855845451355,0.9999997019767761,セーター,三冬,けり,0,,5,"セーター, 中, 色, あり, けり",17,6,かりそめの露にも影のありにけり,6,花疲れ夢の中にもありにけり,6,金魚玉の中に睡魔のありにけり
セーターの首といふものありにけり,-24.848682,0.9874101281166077,0.9999997019767761,セーター,三冬,けり,1,いふ,5,"セーター, 首, もの, あり, けり",17,5,壷焼の蓋といふものありにけり,6,破れ傘花といふものありにけり,6,水澄みて色といふものありにけり
セーターの胸の高さに灯りけり,-24.862253,0.987559974193573,0.9999997019767761,セーター,三冬,けり,1,灯り,3,"セーター, 胸, けり",17,6,河骨の水の幽さに灯りけり,7,一足の石の高きに登りけり,7,誰かれの墓の高さに菊咲けり
セーターに首をのせたる子供かな,-24.88257,0.987091064453125,0.9999997019767761,セーター,三冬,かな,1,のせ,3,"セーター, 首, 子供",17,8,霜解に転んで来たる子供かな,8,セーターに頭のかたち頭出る,8,雛の日の海をのせたる籬かな
セーターの襟を正して横抱きに,-24.894066,0.984337568283081,0.9999978542327881,セーター,三冬,,1,正し,3,"セーター, 襟, 横抱き",17,8,セーターの中に貧しき丘がある,8,夏山の襟を正して最上川,9,セーターに顎を埋めて少女期去る
セーターの胸あたたかく人眠る,-24.895435,0.9845293164253235,0.9999997019767761,セーター,三冬,,1,眠る,3,"セーター, 胸, 人",17,8,セーターに頭のかたち頭出る,8,セーターの袖口ゆるく一人なり,8,岩山の岩あたたかく子守居る
セーターを首に吊して旅に出る,-24.899374,0.9867509603500366,0.9999997019767761,セーター,三冬,,2,"吊し, 出る",3,"セーター, 首, 旅",17,7,セーターの中に貧しき丘がある,8,合鍵を首に吊して風となる日,8,セーターに頭のかたち頭出る
セーターの首のあたりが動き出す,-24.906534,0.985442042350769,0.9999996423721313,セーター,三冬,,2,"動き, 出す",3,"セーター, 首, あたり",17,8,セーターに頭のかたち頭出る,9,麦秋の首のあたりに棲む家族,9,葛の葉や膝のあたりで引き返す
セーターを着こなしてゐる明るさよ,-24.907885,0.9910306334495544,0.9999997019767761,セーター,三冬,,3,"着, こなし, ゐる",1,セーター,17,10,貧農家雪囲ひして明るさよ,10,セーターの中に貧しき丘がある,10,セーターを着て晩年のまだ見えず
セーターを着てまなじりをもてあます,-24.916986,0.9533554911613464,0.9768510460853577,セーター,三冬,,2,"着, もてあます",2,"セーター, まなじり",17,10,セーターを着て晩年のまだ見えず,10,握飯あたら冷まじくもてあます,10,セーターを着て風狂に遠くをり
セーターの胸の高さに乗り切れず,-24.933159,0.9842560291290283,0.9999997019767761,セーター,三冬,,2,"乗り, 切れ",2,"セーター, 胸",17,8,セーターの胸の薔薇ごと愛さるる,8,セーターの錨の模様胸を逸れ,9,綿虫飛ぶ胸の高さにしか飛ばず
セーターの胸をはだけて円覚寺,-24.939213,0.9816997051239014,0.9999997019767761,セーター,三冬,,1,はだけ,3,"セーター, 胸, 円覚",17,8,セーターの胸にV切る銀ぐさり,8,甚平の前をはだけて宇宙論,9,セーターの赤標的になっている
セーターを着こなしてゐる夕餉かな,-24.96148,0.9921166896820068,0.9999997019767761,セーター,三冬,かな,3,"着, こなし, ゐる",2,"セーター, 夕餉",17,9,鼠花火をはげましてゐる女かな,9,稲のほをおこして通る田道かな,9,端然と恋をしてゐる雛かな
セーターの胸の高さを空となす,-24.966898,0.9813565015792847,0.9999997019767761,セーター,三冬,,1,なす,3,"セーター, 胸, 空",17,8,セーターの袖口ゆるく一人なり,8,セーターの錨の模様胸を逸れ,8,セーターの胸の薔薇ごと愛さるる
セーターを着せられて胸うつくしく,-24.969044,0.989940881729126,0.9999995827674866,セーター,三冬,,1,着せ,2,"セーター, 胸",17,7,セーターを着せられし子の兎跳び,9,セーターを着て風狂に遠くをり,10,歯朶の塵こぼれて畳うつくしき
セーターを着せられてゐることも知る,-24.977648,0.9876691699028015,0.9999996423721313,セーター,三冬,,3,"着せ, ゐる, 知る",2,"セーター, こと",17,8,セーターを着せられし子の兎跳び,9,外套を着せられてゐる別れかな,10,大寒に試みられてゐるとする
セーターの胸の高さを想ひ出す,-24.990717,0.9885867238044739,0.9999997019767761,セーター,三冬,,2,"想ひ, 出す",2,"セーター, 胸",17,8,コーヒーゼリー雁の寒さを思ひ出す,8,セーターに頭のかたち頭出る,8,セーターの錨の模様胸を逸れ
セーターを着て少女期に入りにけり,-24.999863,0.995245099067688,0.9999997019767761,セーター,三冬,けり,2,"着, 入り",4,"セーター, 少女, 期, けり",17,7,セーターを着て風狂に遠くをり,8,横縞を着て陽炎に入りゆけり,9,初刷を持ちて炬燵に入りにけり
セーターを着こなしている父のこと,-25.002008,0.9933891296386719,0.9999996423721313,セーター,三冬,,3,"着, こなし, いる",3,"セーター, 父, こと",17,10,セーターを着せられし子の兎跳び,10,セーターを着て風狂に遠くをり,10,セーターを着て晩年のまだ見えず
セーターを着せて少年老いにけり,-25.006372,0.992957592010498,0.9999997019767761,セーター,三冬,けり,1,着せ,4,"セーター, 少年, 老い, けり",17,7,セーターを着て風狂に遠くをり,7,セーターの赤が似合ひて老いにけり,7,氷片を蹴りて少年老いゆけり
セーターの襟の中より乳母車,-25.009031,0.9888359904289246,0.9999997019767761,セーター,三冬,,0,,4,"セーター, 襟, 中, 乳母車",17,7,クローバーの花の上押す乳母車,7,セーターの錨の模様胸を逸れ,8,狼の穴の中より鼠茸
セーターの胸の高さに鬼やらふ,-25.019432,0.9798526763916016,0.9999997019767761,セーター,三冬,,0,,3,"セーター, 胸, 鬼",17,8,セーターの白は誰にも似合ふ色,8,祈る手の胸の高さに秋の風,8,セーターの胸の薔薇ごと愛さるる
セーターの胸の高さに体操す,-25.037273,0.9825937151908875,0.9999997019767761,セーター,三冬,,1,体操す,3,"セーター, 胸, 体操",17,7,祈る手の胸の高さに秋の風,7,初花の朴の高さに勤行す,7,セーターの錨の模様胸を逸れ
セーターに顎までつけて歩きけり,-25.039669,0.9841169118881226,0.9999997019767761,セーター,三冬,けり,2,"つけ, 歩き",3,"セーター, 顎, けり",17,6,セーターに顎まで埋め怠惰なり,8,払ひきれぬ草の実つけて歩きけり,9,踊る輪の廻るにつれて歩きけり
セーターの胸の高さに年逝かす,-25.045643,0.980291485786438,0.9999997019767761,セーター,三冬,,1,逝かす,3,"セーター, 胸, 年",17,8,祈る手の胸の高さに秋の風,8,セーターの胸の薔薇ごと愛さるる,8,セーターの錨の模様胸を逸れ
セーターをはみ出してゐる天使かな,-25.05058,0.9908661246299744,0.9999997019767761,セーター,三冬,かな,2,"はみ出し, ゐる",2,"セーター, 天使",17,6,フレームをはみ出してゐる蕾かな,7,囀のはみ出してゐる大樹かな,8,白波を繰り出してゐる霞かな
セーターの少女憲法記念の日,-25.086021,0.988906741142273,0.9999997019767761,セーター,三冬,,0,,5,"セーター, 少女, 憲法, 記念, 日",17,6,草花の市へ憲法記念の日,7,真白なる卓布や憲法記念の日,7,写真屋に鳩来る憲法記念の日
セーターの胸の高さのほてりかな,-25.098928,0.9839524626731873,0.9999997019767761,セーター,三冬,かな,1,ほてり,2,"セーター, 胸",17,8,水仙の花の高さの日影かな,8,セーターの胸の薔薇ごと愛さるる,8,室生寺の塔の高さの緑雨かな
セーターを脱ぐ全身をもてあまし,-25.120518,0.9831557273864746,0.9999997019767761,セーター,三冬,,2,"脱ぐ, もてあまし",2,"セーター, 全身",17,9,福引の野菜の嵩をもてあまし,9,草取女足の長さをもてあまし,9,セーターをくぐる両手が宙を突く
セーターの胸の高さの乗馬服,-25.135767,0.962715744972229,0.9999997019767761,セーター,三冬,,0,,4,"セーター, 胸, 乗馬, 服",17,7,セーターの錨の模様胸を逸れ,8,風薫る金のボタンの乗馬服,8,セーターの紫許せ紫禁城
セーターの中の大きな男の子,-25.136408,0.9923893809318542,0.9999997019767761,セーター,三冬,,0,,3,"セーター, 中, 男の子",17,7,セーターの錨の模様胸を逸れ,7,カーテンの隙に大きな春の雪,7,昨日より声の大きな燕の子
セーターの胸の高さを廻転す,-25.138859,0.9840547442436218,0.9999997019767761,セーター,三冬,,1,廻転す,3,"セーター, 胸, 廻転",17,7,セーターの錨の模様胸を逸れ,8,セーターの胸の薔薇ごと愛さるる,8,祈る手の胸の高さに秋の風
セーターを着こなしてゐる男ゐて,-25.147005,0.9894384741783142,0.9999997019767761,セーター,三冬,,4,"着, こなし, ゐる, 男ゐ",2,"セーター, 男",17,9,セーターを着せられし子の兎跳び,9,セーターを着て晩年のまだ見えず,9,セーターを着て風狂に遠くをり
セーターを着ていつまでも妻とゐる,-25.154224,0.9960426688194275,0.9999997019767761,セーター,三冬,,2,"着, ゐる",2,"セーター, 妻",17,9,風花の空をいつまで眺めゐる,9,セーターを着て晩年のまだ見えず,9,セーターを着て風狂に遠くをり
セーターの胸突きあげてゆきにけり,-25.16969,0.9842623472213745,0.9999997019767761,セーター,三冬,けり,1,突きあげ,4,"セーター, 胸, ゆき, けり",17,7,セーターの赤が似合ひて老いにけり,8,夕顔の悲鳴をあげて咲きにけり,9,松明けの蟹船を出てゆきにけり
セーターを着せられてゐる背丈かな,-25.170547,0.9827307462692261,0.9999997019767761,セーター,三冬,かな,2,"着せ, ゐる",2,"セーター, 背丈",17,6,外套を着せられてゐる別れかな,7,セーターを着せられし子の兎跳び,8,福耳を褒められてゐる接木かな
セーターに顎やはらかく着てゐたり,-25.176497,0.9838244318962097,0.9999996423721313,セーター,三冬,や,2,"着, ゐ",3,"セーター, 顎, はら",17,9,湯豆腐に膝やはらかく崩しけり,9,走り茶や水やはらかく使ひたり,9,春暁を髪やはらかく目覚めたり
セーターを着せられてゐる一人なり,-25.190577,0.9951935410499573,0.9999997019767761,セーター,三冬,,2,"着せ, ゐる",2,"セーター, 一人",17,7,セーターを着せられし子の兎跳び,8,セーターの袖口ゆるく一人なり,8,外套を着せられてゐる別れかな
セーターに包み忘れし手紙かな,-25.191998,0.987738847732544,0.9999997019767761,セーター,三冬,かな,3,"包み, 忘れ, し",2,"セーター, 手紙",17,7,旧年の畑に忘れし手鍬かな,8,ストーヴに遂に投ぜし手紙かな,8,梟の聲にみだれし螢かな
セーターを着こなしてゐる朝の椅子,-25.196173,0.993966817855835,0.9999997019767761,セーター,三冬,,3,"着, こなし, ゐる",3,"セーター, 朝, 椅子",17,9,セーターより子の頸が出る朝の雪,10,セーターを着て晩年のまだ見えず,10,夏空を突きさしてゐる塔の群
セーターをはみ出してゐる怒濤音,-25.201487,0.981518030166626,0.9999997019767761,セーター,三冬,,2,"はみ出し, ゐる",3,"セーター, 怒濤, 音",17,7,肩幅をはみ出してゐる麦藁帽,7,フレームをはみ出してゐる蕾かな,8,父だけがはみ出してゐる砂日傘
セーターに胸突込んで戻りけり,-25.21776,0.988105058670044,0.9999997019767761,セーター,三冬,けり,2,"突込ん, 戻り",3,"セーター, 胸, けり",17,8,銃を肩に青きを踏で戻りけり,8,雲衲等霰に飛んで帰りけり,8,セーターに首長族のここちせり
セーターの胸の高さに耳ふたつ,-25.231544,0.9839969873428345,0.9999997019767761,セーター,三冬,,0,,4,"セーター, 胸, 耳, ふた",17,8,セーターの胸にV切る銀ぐさり,8,セーターの錨の模様胸を逸れ,8,セーターの樅の木の色会ひたしよ
セーターの胸をはだけて吾子抱く,-25.232054,0.9849370121955872,0.9999997019767761,セーター,三冬,,2,"はだけ, 抱く",3,"セーター, 胸, 吾子",17,9,浅黒き胸をはだけてマンゴ売,9,甚平の前をはだけて宇宙論,9,セーターの胸にV切る銀ぐさり
セーターに顔埋めてゐる日の盛,-25.234333,0.9848098754882812,0.9999997019767761,セーター,三冬,,2,"埋め, ゐる",3,"セーター, 顔, 日",17,7,セーターに顎を埋めて少女期去る,8,くれなゐに布染めてゐる鵙の昼,8,セーターに顔出して遠き山が見ゆ
セーターの胸の高さよ母の家,-25.234886,0.9859578609466553,0.9999997019767761,セーター,三冬,,0,,4,"セーター, 胸, 母, 家",17,7,祈る手の胸の高さに秋の風,7,文旦の皮の厚さよ母の恩,7,セーターの錨の模様胸を逸れ
セーターの胸の高さを選びたし,-25.237213,0.9888625741004944,0.9999996423721313,セーター,三冬,,1,選び,2,"セーター, 胸",17,7,セーターの樅の木の色会ひたしよ,8,おほばこの花の若さを詠ひたし,8,セーターの胸の薔薇ごと愛さるる
セーターの男ばかりが生きてをり,-25.259592,0.9866871237754822,0.9999997019767761,セーター,三冬,,1,生き,2,"セーター, 男",17,8,秋の風人の恩ばかりに生きて,8,行年の齲歯の虫が生きてをり,9,死人花万と咲かせて生きてをり
セーターにくつろいでゐる男かな,-25.269432,0.988193690776825,0.9999997019767761,セーター,三冬,かな,2,"くつろい, ゐる",2,"セーター, 男",17,6,登山着にくつろいでゐる乳房かな,8,土塊にくつついてゐる子藷かな,9,花屑のはりついてゐる蹄かな
セーターの胸さわやかに反抗期,-25.28317,0.9889171123504639,0.9999997019767761,セーター,三冬,,0,,4,"セーター, 胸, 反抗, 期",17,8,炎帝の下さわやかに蛭泳ぐ,8,セーターの胸にV切る銀ぐさり,9,セーターの色とりどりに八岳仰ぐ
セーターの襟を正してゆれやまず,-25.294258,0.9866706132888794,0.9999997019767761,セーター,三冬,,3,"正し, ゆれ, やま",2,"セーター, 襟",17,9,セーターの上から触れし力瘤,9,水鳥の百羽の影のゆれやまず,9,セーターに顎を埋めて少女期去る
セーターの中の一人が立つてゐる,-25.298847,0.9938411116600037,0.9999949932098389,セーター,三冬,,2,"立つ, ゐる",3,"セーター, 中, 一人",17,8,セーターの中に貧しき丘がある,8,双眼鏡の中の千鳥が鳴いてゐる,8,セーターの胸の薔薇ごと愛さるる
セーターを着こなしてゐる父と子と,-25.305943,0.9883081316947937,0.9999997019767761,セーター,三冬,,3,"着, こなし, ゐる",3,"セーター, 父, 子",17,10,セーターを着て風狂に遠くをり,10,セーターを腰に巻きつけ津軽っ子,10,葛の根を叩き潰してゐるところ
セーターを着こなしてゐる気安さよ,-25.314825,0.991716206073761,0.9999997019767761,セーター,三冬,,3,"着, こなし, ゐる",1,セーター,17,10,セーターに顔出して遠き山が見ゆ,10,寄席の前焚火してゐる淋しさよ,10,セーターを着せられし子の兎跳び
セーターをひつぱつてゐる子供かな,-25.316175,0.9902707934379578,0.9999996423721313,セーター,三冬,かな,1,ゐる,3,"セーター, ひつ, 子供",17,7,屋根の雪ひつぱつてゐる氷柱かな,8,ラグビーのぶつかつてゐる虚空かな,8,明方をひえきつてゐる炬燵かな
セーターの胸の高さを指で押す,-25.32371,0.9817785024642944,0.9999997019767761,セーター,三冬,,1,押す,3,"セーター, 胸, 指",17,8,大寒の川の芥を棒で押す,8,セーターの胸にV切る銀ぐさり,8,セーターの錨の模様胸を逸れ
セーターを着こなしてゐる恋ごころ,-25.339237,0.9930658936500549,0.9999997019767761,セーター,三冬,,3,"着, こなし, ゐる",3,"セーター, 恋, ごころ",17,9,葛の根を叩き潰してゐるところ,10,青柿の瞳を閉ぢてゐるところ,10,セーターに顔出して遠き山が見ゆ
セーターに顎埋めてゐるひとりかな,-25.343012,0.9864017963409424,0.9999997019767761,セーター,三冬,かな,2,"埋め, ゐる",3,"セーター, 顎, ひとり",17,8,向うにも虹を見てゐるひとりかな,8,セーターに顎を埋めて少女期去る,8,寺道の雪割つてゐるひとりかな
セーターの首を傾げて少年期,-25.356035,0.9911491274833679,0.9999997019767761,セーター,三冬,,1,傾げ,4,"セーター, 首, 少年, 期",17,7,セーターに顎を埋めて少女期去る,8,セーターの上から触れし力瘤,8,ラグビーの首を構へて相対す
セーターの胸の高さに非常口,-25.362312,0.9736089110374451,0.9999997019767761,セーター,三冬,,0,,3,"セーター, 胸, 口",17,7,祈る手の胸の高さに秋の風,7,セーターの錨の模様胸を逸れ,8,セーターの上から触れし力瘤
セーターの胸をはだけし怒濤かな,-25.386312,0.9781650900840759,0.9999997019767761,セーター,三冬,かな,1,し,3,"セーター, 胸, 怒濤",17,9,粒選りの星を見つけし門火かな,9,セーターの赤をよそほう悲しみも,9,セーターの胸にV切る銀ぐさり
セーターに顔をいくつも並べけり,-25.395824,0.9916419982910156,0.9999997019767761,セーター,三冬,けり,1,並べ,4,"セーター, 顔, いく, けり",17,8,クローバの丘がいくつも並びけり,8,抜参り川をいくつも渡りけり,9,涅槃雪渚に蒼くつもりけり
セーターの胸ひらひらと人の死へ,-25.424734,0.9847985506057739,0.9999997019767761,セーター,三冬,,0,,4,"セーター, 胸, 人, 死",17,8,セーターの胸の薔薇ごと愛さるる,9,ライターの炎ひとひら樹氷林,9,デパートの旗ひらひらと火事の雲
セーターに顔埋めてをり農学部,-25.429222,0.9863865375518799,0.9999997019767761,セーター,三冬,,1,埋め,5,"セーター, 顔, り, 農学, 部",17,7,セーターに顎を埋めて少女期去る,8,セーターに顔出して遠き山が見ゆ,9,潮騒に夢溜めてをり子安貝
セーターを着せかけてゐる家族かな,-25.43636,0.9921106696128845,0.9999997019767761,セーター,三冬,かな,3,"着せ, かけ, ゐる",2,"セーター, 家族",17,8,外套を着せられてゐる別れかな,9,菊畑をかたづけてゐる烟かな,9,ラグビーのぶつかつてゐる虚空かな
セーターの胸あたたかき母の肩,-25.448719,0.9861117005348206,0.9999997019767761,セーター,三冬,,0,,5,"セーター, 胸, かき, 母, 肩",17,7,くれなゐの闇あたたかき雛の間,7,春塵の顔あたたかき泡の中,7,歳晩の雨あたたかき父の家
セーターの襟を正して二人連,-25.462912,0.9683489799499512,0.9999996423721313,セーター,三冬,,1,正し,3,"セーター, 襟, 二人連",17,7,夏山の襟を正して最上川,8,セーターの黒い弾力親不孝,8,雪冷えの腰を正して強飯式
セーターの胸の高さに首出せり,-25.46838,0.9791635274887085,0.9999997019767761,セーター,三冬,,1,首出せ,3,"セーター, 胸, 首",17,7,セーターの胸にV切る銀ぐさり,8,セーターの胸の薔薇ごと愛さるる,8,白薔薇の胸の高さに咲きにけり
日曜の子にセーターを着せにけり,-25.468927,0.9906454086303711,0.9999997019767761,セーター,三冬,けり,1,着せ,4,"日曜, 子, セーター, けり",17,8,菜の花に鮠釣舟を寄せにけり,8,菜の花に鮑釣舟を寄せにけり,9,緋の色のセーターを着る夕まぐれ
セーターを胸の高さに着こなせる,-25.470387,0.9783764481544495,0.9999996423721313,セーター,三冬,,2,"着, こなせる",2,"セーター, 胸",17,8,夏服の風の軽さを着こなせる,8,セーターの胸の薔薇ごと愛さるる,9,セーターに首長族のここちせり
セーターを着せられてゐる入江かな,-25.471872,0.9921137690544128,0.9999997019767761,セーター,三冬,かな,2,"着せ, ゐる",2,"セーター, 入江",17,6,外套を着せられてゐる別れかな,7,セーターを着せられし子の兎跳び,8,猫の尻見せられてゐる大暑かな
セーターの胸の高さのつめたかり,-25.48434,0.9858470559120178,0.9999996423721313,セーター,三冬,,0,,4,"セーター, 胸, つめ, たかり",17,8,セーターの胸にV切る銀ぐさり,8,セーターの樅の木の色会ひたしよ,8,セーターの胸の薔薇ごと愛さるる
セーターの胸の高さをふりかぶる,-25.490366,0.9771817326545715,0.9999996423721313,セーター,三冬,,1,ふりかぶる,2,"セーター, 胸",17,7,セーターの胸の薔薇ごと愛さるる,8,夕立の半透明をふりかぶる,8,退職の日の囀りをふりかぶり
セーターを着て少年の死を悼む,-25.494669,0.9947017431259155,0.9999997019767761,セーター,三冬,,2,"着, 悼む",3,"セーター, 少年, 死",17,6,セーターを着て晩年のまだ見えず,7,セーターを着て風狂に遠くをり,9,セーターを両手縛りに肚決めて
セーターを著て淋しさの中にあり,-25.506998,0.9920934438705444,0.9999996423721313,セーター,三冬,,2,"著, あり",2,"セーター, 中",17,7,ボーナスのなき淋しさの妻にあり,8,セーターを着て風狂に遠くをり,8,初夏の胸ぐるしさの中にあり
セーターを着こなしてゐる少女らに,-25.50824,0.9914153814315796,0.9999995231628418,セーター,三冬,,3,"着, こなし, ゐる",2,"セーター, 少女",17,10,セーターに顔出して遠き山が見ゆ,10,セーターを着て晩年のまだ見えず,10,セーターを着せられし子の兎跳び
セーターに顎のさみしき女かな,-25.520874,0.9871929883956909,0.9999997019767761,セーター,三冬,かな,2,"さみし, き",3,"セーター, 顎, 女",17,7,紺青の蟹のさみしき泉かな,8,赤松の方のさみしき夏暁かな,8,胸高に童のさせし扇かな
セーターの胸の高さに人の死す,-25.525671,0.9865602254867554,0.9999997019767761,セーター,三冬,,1,死す,3,"セーター, 胸, 人",17,7,祈る手の胸の高さに秋の風,8,初花の朴の高さに勤行す,8,下総や胸の高さに鴨の水
セーターに顔入れてゐる赤子かな,-25.527987,0.9872761368751526,0.9999997019767761,セーター,三冬,かな,2,"入れ, ゐる",3,"セーター, 顔, 赤子",17,7,ソプラノに洗はれてゐる障子かな,8,汀まで雨に濡れゐる障子かな,8,老人の気に入つてゐる冬木かな
セーターを着せられてゐる父の老い,-25.528534,0.9915854930877686,0.9999997019767761,セーター,三冬,,2,"着せ, ゐる",3,"セーター, 父, 老い",17,7,セーターを着せられし子の兎跳び,8,外套を着せられてゐる別れかな,8,死に真似をさせられてゐる春の夢
セーターの胸の高さに木の股に,-25.530888,0.971953272819519,0.9999997019767761,セーター,三冬,,0,,4,"セーター, 胸, 木, 股",17,7,祈る手の胸の高さに秋の風,8,セーターの胸にV切る銀ぐさり,8,下総や胸の高さに鴨の水
セーターをはみ出してゐる恋ごころ,-25.53945,0.9871819615364075,0.9999997019767761,セーター,三冬,,2,"はみ出し, ゐる",3,"セーター, 恋, ごころ",17,8,肩幅をはみ出してゐる麦藁帽,8,羽子板をはみ出してゐる写楽の目,8,フレームをはみ出してゐる蕾かな
セーターを頭にのせて老いにけり,-25.545975,0.9892146587371826,0.9999997019767761,セーター,三冬,けり,1,のせ,4,"セーター, 頭, 老い, けり",17,6,セーターの赤が似合ひて老いにけり,8,紫の被布をこのみて老にけり,8,保養所の猟犬にして老いにけり
セーターの襟に汚れのありにけり,-25.553757,0.9933241605758667,0.9999997019767761,セーター,三冬,けり,0,,5,"セーター, 襟, 汚れ, あり, けり",17,7,春耕の雨に匂いのありにけり,7,金魚玉の中に睡魔のありにけり,7,かりそめの露にも影のありにけり
セーターを着て数学を習ふなり,-25.59029,0.9928809404373169,0.9999996423721313,セーター,三冬,,2,"着, 習ふ",2,"セーター, 数学",17,6,セーターを着て風狂に遠くをり,8,セーターの袖口ゆるく一人なり,8,セーターを着て晩年のまだ見えず
セーターを著て新聞を読みはじむ,-25.605385,0.9861981868743896,0.9999988675117493,セーター,三冬,,2,"著, 読み",3,"セーター, 新聞, はじ",17,8,自然薯の土つく新聞読みはじむ,9,セーターを着て風狂に遠くをり,9,秋灯下聊斎志異を読みはじむ
セーターに包丁を置く女の手,-25.619408,0.9615248441696167,0.9999997019767761,セーター,三冬,,1,置く,4,"セーター, 包丁, 女, 手",17,8,飴切の包丁を置く霰かな,8,月代や膝に手を置く宵の宿,8,セーターに乳頭尖らせて少女
セーターに顎埋めなほす誕生日,-25.658873,0.9868437051773071,0.9999997019767761,セーター,三冬,,2,"埋め, ほす",4,"セーター, 顎, 誕生, 日",17,7,セーターに顎を埋めて少女期去る,8,セーターに顎まで埋め怠惰なり,9,セーターに頭のかたち頭出る
セーターに顎つけて泣く子供かな,-25.670212,0.9866027235984802,0.9999997019767761,セーター,三冬,かな,2,"顎つけ, 泣く",3,"セーター, 顎, 子供",17,8,割箸に水つけてかく蕨かな,8,ぼうたんにかこまれて泣く子供かな,9,絶壁に眉つけて飲む清水かな
セーターに坐り直して顔洗ふ,-25.674564,0.9890681505203247,0.9999997019767761,セーター,三冬,,2,"坐り直し, 洗ふ",2,"セーター, 顔",17,7,秋水に鎌を浸して顔洗ふ,8,セーターに乳頭尖らせて少女,8,風立つや坐り直して花筵
セーターに顎のあたりしまま眠る,-25.679337,0.8380083441734314,0.9999997019767761,セーター,三冬,,2,"あたりし, 眠る",4,"セーター, 顎, あたり, まま",17,7,セーターに頭のかたち頭出る,8,セーターに顎を埋めて少女期去る,9,セーターの胸の薔薇ごと愛さるる
セーターに顔埋めること愉しくて,-25.679861,0.9781394004821777,0.9999997019767761,セーター,三冬,,1,埋める,3,"セーター, 顔, こと",17,9,セーターに首長族のここちせり,9,くるぶしに翼あるごと涼しくて,9,メーデーに加はることに妻不服
セーターを着せて身軽に帰りけり,-25.684683,0.9916871786117554,0.9999997019767761,セーター,三冬,けり,2,"着せ, 帰り",2,"セーター, けり",17,6,セーターを着て風狂に遠くをり,8,セーターを着せられし子の兎跳び,9,火事跡を見て老犬は帰りけり
セーターを着て夕刊を買ひにけり,-25.689133,0.9943361878395081,0.9999996423721313,セーター,三冬,けり,2,"着, 買ひ",3,"セーター, 夕刊, けり",17,7,セーターを着て風狂に遠くをり,7,観世音を見て物種を買ひにけり,8,子の疣を抓む苧殻を買ひにけり
セーターの胸あたたかく着ていたり,-25.715126,0.9753342866897583,0.9999996423721313,セーター,三冬,,2,"着, い",2,"セーター, 胸",17,8,冬帽の額あたたかく着そめけり,9,集団就職の列あたたかき雲得たり,9,ポケットの闇あたたかく松ぼくり
セーターに顎つき出して父帰る,-25.71885,0.9867111444473267,0.9999997019767761,セーター,三冬,,2,"つき出し, 帰る",3,"セーター, 顎, 父",17,8,梨棚に首つき出して野分晴,8,セーターにつつむ遠野の喉仏,8,セーターに頭のかたち頭出る
セーターの胸まで垂らし誕生日,-25.722698,0.9889819622039795,0.9999997019767761,セーター,三冬,,1,垂らし,4,"セーター, 胸, 誕生, 日",17,8,セーターの胸にV切る銀ぐさり,8,セーターに顎まで埋め怠惰なり,8,セーターの上から触れし力瘤
セーターの肩がこちらを向いている,-25.736065,0.9885323643684387,0.9999995827674866,セーター,三冬,,2,"向い, いる",2,"セーター, 肩",17,8,セーターの赤標的になっている,9,雨垂れはさみしこちらを向いて寝よ,9,立春の山羊はこちらを向いて啼く
セーターを着て疲れたることもなく,-25.738895,0.9964448809623718,0.9999997019767761,セーター,三冬,,2,"着, 疲れ",2,"セーター, こと",17,9,セーターを着て晩年のまだ見えず,9,セーターを着て風狂に遠くをり,9,セーターを着せられし子の兎跳び
セーターの折目正しく老いにけり,-25.740637,0.984624981880188,0.9999997019767761,セーター,三冬,けり,0,,4,"セーター, 折目, 老い, けり",17,6,セーターの赤が似合ひて老いにけり,7,秋団扇背筋正しく老いにけり,8,衣更へて命涼しく老いにけり
セーターを着せられてゐる旅の顔,-25.748453,0.9943711757659912,0.9999997019767761,セーター,三冬,,2,"着せ, ゐる",3,"セーター, 旅, 顔",17,6,セーターを着せられし子の兎跳び,7,死に真似をさせられてゐる春の夢,8,外套を着せられてゐる別れかな
セーターを着せられてをり一人旅,-25.750177,0.994644820690155,0.9999997019767761,セーター,三冬,,1,着せ,4,"セーター, り, 一人, 旅",17,6,セーターを着せられし子の兎跳び,9,命終を告げられてをり白牡丹,9,セーターをあれこれ鏡に夫癒ゆる
セーターを着て少年の眼鏡かな,-25.768105,0.9907810688018799,0.9999997019767761,セーター,三冬,かな,1,着,3,"セーター, 少年, 眼鏡",17,6,セーターを着て晩年のまだ見えず,7,セーターを着て風狂に遠くをり,8,黒豚を抱く少年の素足かな
セーターの胸開けてゐる畳かな,-25.777805,0.986961305141449,0.9999997019767761,セーター,三冬,かな,2,"開け, ゐる",3,"セーター, 胸, 畳",17,7,古墳みな口開けてゐる朧かな,7,風の日の茎漬けてゐる女かな,7,若竹に猫の寝てゐる畳かな
セーターの襟を正して納めけり,-25.77816,0.9820524454116821,0.9999997019767761,セーター,三冬,けり,2,"正し, 納め",3,"セーター, 襟, けり",17,8,白子干し朝日に干して納めけり,8,糊浴衣威儀を正して乾きけり,8,噴水の水を倒して止めにけり
セーターを着せられている父がいる,-25.78043,0.9926563501358032,0.9999996423721313,セーター,三冬,,3,"着せ, いる, いる",2,"セーター, 父",17,7,セーターを着せられし子の兎跳び,9,外套を着せられてゐる別れかな,9,軍艦へ身を寄せている貝がある
セーターの紐の先まで女の子,-25.780848,0.9880847930908203,0.9999997019767761,セーター,三冬,,0,,4,"セーター, 紐, 先, 女の子",17,7,枯蔓の先の先まで鐘の音,7,切りたての髪の先まで春の風,7,セーターの錨の模様胸を逸れ
セーターを着て誕生日近づけり,-25.785053,0.9956851005554199,0.9999997019767761,セーター,三冬,,2,"着, 近づけ",3,"セーター, 誕生, 日",17,6,セーターを着て風狂に遠くをり,8,セーターを着て晩年のまだ見えず,9,セーターの袖口ゆるく一人なり
セーターを着て濁世に近づきぬ,-25.78631,0.987433135509491,0.9999997019767761,セーター,三冬,,2,"着, 近づき",2,"セーター, 濁世",17,6,セルを着て父の齢に近づきぬ,6,セーターを着て風狂に遠くをり,8,セーターを両手縛りに肚決めて
セーターを着せられてゐるボールかな,-25.793087,0.9939995408058167,0.9999997019767761,セーター,三冬,かな,2,"着せ, ゐる",2,"セーター, ボール",17,7,外套を着せられてゐる別れかな,8,セーターを着せられし子の兎跳び,9,下萌にねじ伏せられてゐる子かな
セーターの胸の高さを想い見る,-25.795712,0.9855160713195801,0.9999996423721313,セーター,三冬,,2,"想い, 見る",2,"セーター, 胸",17,7,セーターの胸の薔薇ごと愛さるる,8,セーターの錨の模様胸を逸れ,8,セーターに頭のかたち頭出る
セーターを脱ぎ北窓を開け放ち,-25.80173,0.9849771857261658,0.9999997019767761,セーター,三冬,,2,"脱ぎ, 開け放ち",2,"セーター, 北窓",17,7,竹皮を脱ぎ禅堂を開け放つ,8,大瑠璃の声聞く窓を開け放ち,9,尺八吹く雪嶺に窓開け放ち
セーターの胸の高さを拡げけり,-25.80176,0.9853566288948059,0.9999997019767761,セーター,三冬,けり,1,拡げ,3,"セーター, 胸, けり",17,7,セーターの胸にV切る銀ぐさり,8,白薔薇の胸の高さに咲きにけり,8,麦踏みの胸の厚さを見たりけり
セーターを着て体温を保つなり,-25.802956,0.9945841431617737,0.9999996423721313,セーター,三冬,,2,"着, 保つ",2,"セーター, 体温",17,6,セーターを着て風狂に遠くをり,8,セーターを着て晩年のまだ見えず,8,セーターの袖口ゆるく一人なり
セーターの中の唇美しく,-25.807644,0.9877303838729858,0.9999997019767761,セーター,三冬,,0,,3,"セーター, 中, 唇",17,6,セーターの紫許せ紫禁城,7,橇馬の袋の中の耳うごく,7,セーターの黒い弾力親不孝
セーターを著て少年の時間かな,-25.82003,0.9908510446548462,0.9999995827674866,セーター,三冬,かな,1,著,3,"セーター, 少年, 時間",17,7,セーターを着て晩年のまだ見えず,8,黒豚を抱く少年の素足かな,8,セーターを着て風狂に遠くをり
セーターに首出してゐる女かな,-25.82346,0.9883461594581604,0.9999997019767761,セーター,三冬,かな,2,"首出し, ゐる",3,"セーター, 首, 女",17,7,鼠花火をはげましてゐる女かな,7,白波を繰り出してゐる霞かな,7,板前の外に出てゐる朧かな
セーターの胸突き刺さりゆきにけり,-25.83059,0.9793480038642883,0.9999997019767761,セーター,三冬,けり,1,突き刺さり,4,"セーター, 胸, ゆき, けり",17,8,セーターの赤が似合ひて老いにけり,9,セーターの上に口あり笑ひあり,9,遣羽子の尻叩きけり泣きにけり
セーターの胸の高さよ雑木山,-25.84745,0.9572018384933472,0.9999997019767761,セーター,三冬,,0,,4,"セーター, 胸, 雑木, 山",17,7,セーターの錨の模様胸を逸れ,8,セーターの胸の薔薇ごと愛さるる,8,セーターの胸にV切る銀ぐさり
セーターを著て少年の日がありぬ,-25.855762,0.9920103549957275,0.9999996423721313,セーター,三冬,,2,"著, あり",3,"セーター, 少年, 日",17,7,セーターを着て晩年のまだ見えず,8,セーターを着て風狂に遠くをり,9,セーターの上に口あり笑ひあり
セーターに包みの重さありにけり,-25.858986,0.8203357458114624,0.9999997019767761,セーター,三冬,けり,1,包み,3,"セーター, あり, けり",17,6,蕗の葉に真昼の重さありにけり,7,雪柳花にも重さありにけり,7,鷹柱空に厚みのありにけり
セーターを着て楽しめる女かな,-25.86233,0.9894269704818726,0.9999996423721313,セーター,三冬,かな,2,"着, 楽しめる",2,"セーター, 女",17,7,セーターを着て風狂に遠くをり,8,セーターを着て晩年のまだ見えず,8,セーターを着せられし子の兎跳び
セーターに少女の顎のありにけり,-25.862785,0.988381564617157,0.9999997019767761,セーター,三冬,けり,0,,5,"セーター, 少女, 顎, あり, けり",17,7,石庭に若葉の風のありにけり,7,中天に木枯の陽のありにけり,7,路地ごとに師走の海のありにけり
セーターの胸の高さに独り住む,-25.867851,0.988391637802124,0.9999997019767761,セーター,三冬,,1,住む,3,"セーター, 胸, 独り",17,8,セーターの胸の薔薇ごと愛さるる,8,セーターの胸にV切る銀ぐさり,8,祈る手の胸の高さに秋の風
セーターの胸の高さを窓に置く,-25.871288,0.9878981113433838,0.9999997019767761,セーター,三冬,,1,置く,3,"セーター, 胸, 窓",17,8,セーターの錨の模様胸を逸れ,8,セーターの胸の薔薇ごと愛さるる,8,三日三晩盆の暑さを膝に置く
セーターの中の女の顔となる,-25.874697,0.9927939176559448,0.9999996423721313,セーター,三冬,,1,なる,4,"セーター, 中, 女, 顔",17,7,セーターの錨の模様胸を逸れ,7,セーターの胸の薔薇ごと愛さるる,7,セーターの中に貧しき丘がある
セーターを着せてひとりの暮しかな,-25.88057,0.9927211403846741,0.9999997019767761,セーター,三冬,かな,1,着せ,3,"セーター, ひとり, 暮し",17,8,セーターを着せられし子の兎跳び,8,新巻の届くひとりの暮しかな,9,西虚子忌過ぎてひとりの横川かな
セーターの胸の湿りを拭きにけり,-25.887478,0.9868628978729248,0.9999997019767761,セーター,三冬,けり,1,拭き,4,"セーター, 胸, 湿り, けり",17,8,かゑらじの花の鼓動を聴きにけり,8,ぽつぺんの中の日暮を吹きにけり,8,大寒の恙の眉を引きにけり
セーターを着せられてゐる輪転機,-25.890305,0.9930345416069031,0.9999997019767761,セーター,三冬,,2,"着せ, ゐる",3,"セーター, 輪転, 機",17,6,セーターを着せられし子の兎跳び,8,外套を着せられてゐる別れかな,8,死に真似をさせられてゐる春の夢
セーターの胸の高さに風きたる,-25.894281,0.9850900769233704,0.9999997019767761,セーター,三冬,,1,風きたる,3,"セーター, 胸, 風",17,7,セーターの胸の薔薇ごと愛さるる,8,送り火や胸の高さに風吹いて,8,セーターの赤標的になっている
セーターを着て恐ろしき男なり,-25.90662,0.994376003742218,0.9999997019767761,セーター,三冬,,2,"着, き",2,"セーター, 男",17,6,セーターを着て風狂に遠くをり,7,セルを着て髪美しき男かな,8,冬耕の隔てがましき男なり
セーターのまんなかにある反抗期,-25.910017,0.9896318912506104,0.9999996423721313,セーター,三冬,,1,ある,4,"セーター, まんなか, 反抗, 期",17,7,冬麗のまんなかにある床柱,7,秋風のまんなかにある仏の手,7,大学のまんなかにある初句会
セーターの中の一人の目鼻立ち,-25.911493,0.9879307746887207,0.9999997019767761,セーター,三冬,,0,,5,"セーター, 中, 一人, 目鼻, 立ち",17,8,桃の日や魚屋の魚の目鼻立ち,8,パンジーの中の一つの泣き笑ひ,8,セーターの錨の模様胸を逸れ
セーターを着て潔く老いにけり,-25.92213,0.9921719431877136,0.9999997019767761,セーター,三冬,けり,1,着,3,"セーター, 老い, けり",17,6,セーターを着て風狂に遠くをり,7,セーターの赤が似合ひて老いにけり,8,相撲取おとがひ長く老いにけり
セーターの胸のあたりが痛くなる,-25.926968,0.9825512766838074,0.9999996423721313,セーター,三冬,,1,なる,3,"セーター, 胸, あたり",17,7,セーターの胸の薔薇ごと愛さるる,8,セーターに頭のかたち頭出る,9,初声の壷のあたりが気になりき
セーターに包丁を置く聖母像,-25.940826,0.9548184871673584,0.9999997019767761,セーター,三冬,,1,置く,4,"セーター, 包丁, 聖母, 像",17,7,夕立の中に子を抱く聖母像,8,セーターに乳頭尖らせて少女,8,セーターに頭のかたち頭出る
セーターを着て入口をふさぎけり,-25.94635,0.9933233261108398,0.9999995827674866,セーター,三冬,けり,2,"着, ふさぎ",3,"セーター, 入口, けり",17,7,セーターを着て風狂に遠くをり,8,セーターを着て晩年のまだ見えず,9,羅を着て前生をおもひけり
セーターの胸くれなゐに眠りけり,-25.951365,0.9882410168647766,0.9999997019767761,セーター,三冬,けり,1,眠り,4,"セーター, 胸, くれなゐ, けり",17,8,織る茣蓙の花くれなゐに雪ごもり,8,土用芽にうすくれなゐの走りけり,8,セーターの王子風邪気におはしけり
セーターを着こなしてゐる昼の酒,-25.956848,0.9882435202598572,0.9999997019767761,セーター,三冬,,3,"着, こなし, ゐる",3,"セーター, 昼, 酒",17,9,夏空を突きさしてゐる塔の群,9,セーターより子の頸が出る朝の雪,9,子の愚痴をこぼして帰る盆の僧
百姓の赤きセーター編みゐたり,-25.959475,0.9907993078231812,0.9999997019767761,セーター,三冬,,1,編みゐ,3,"百姓, セーター, 編み",17,8,羚羊を胸にセーター編みあがる,8,星空のやうなセーター編みあがる,8,空高し黄のセーターの編み上り
セーターを着せられているベンチかな,-25.965166,0.9903262853622437,0.9999996423721313,セーター,三冬,かな,2,"着せ, いる",2,"セーター, ベンチ",17,8,外套を着せられてゐる別れかな,8,セーターを着せられし子の兎跳び,9,息切れを悟られている秋思かな
セーターに顔埋めてゐる世紀末,-25.969995,0.9855129718780518,0.9999997019767761,セーター,三冬,,2,"埋め, ゐる",3,"セーター, 顔, 世紀",17,7,セーターに顎を埋めて少女期去る,8,セーターに顔出して遠き山が見ゆ,9,くれなゐに布染めてゐる鵙の昼
セーターの胸明るくて歩くなり,-25.989092,0.9834098815917969,0.9999997019767761,セーター,三冬,,1,歩く,2,"セーター, 胸",17,6,セーターの袖口ゆるく一人なり,7,セーターの胸にV切る銀ぐさり,8,セーターの上に口あり笑ひあり
セーターの胸の高さのつめたくて,-25.992939,0.9836862683296204,0.9999997019767761,セーター,三冬,,0,,2,"セーター, 胸",17,8,セーターの樅の木の色会ひたしよ,8,セーターの胸の薔薇ごと愛さるる,8,黒セーター詩人のやうに生きたくて
セーターの女人高野は風の中,-26.003767,0.9755811095237732,0.9999997019767761,セーター,三冬,,0,,5,"セーター, 女人, 高野, 風, 中",17,5,雉子鳴いて女人高野は風の中,8,登り来し女人高野の萩の花,8,セーターの紫許せ紫禁城
セーターの襟の中まで空青し,-26.00519,0.9893800616264343,0.9999997019767761,セーター,三冬,,1,青し,5,"セーター, 襟, 中, 空, 青",17,7,セーターの錨の模様胸を逸れ,8,セーターの上から触れし力瘤,8,セーターの紫許せ紫禁城
セーターを着せられてをる女の子,-26.005545,0.9911571741104126,0.9999997019767761,セーター,三冬,,1,着せ,2,"セーター, 女の子",17,6,セーターを着せられし子の兎跳び,8,鬼飲みをさせられてをる滑子汁,8,死に真似をさせられてゐる春の夢
セーターの胸のあたりの軽さかな,-26.006668,0.9836938381195068,0.9999997019767761,セーター,三冬,かな,0,,3,"セーター, 胸, あたり",17,7,セーターの胸の薔薇ごと愛さるる,7,下北の首のあたりの炎暑かな,8,ひまはりの花のあかりの船出かな
セーターを着て少年の声高し,-26.007223,0.9947115182876587,0.9999997019767761,セーター,三冬,,2,"着, し",2,"セーター, 少年",17,6,セーターを着て晩年のまだ見えず,7,セーターを着て風狂に遠くをり,8,セーターに枯葉一片旅さむし
セーターを著てスリッパを脱ぎにけり,-26.022379,0.9908304214477539,0.9999996423721313,セーター,三冬,けり,2,"著, 脱ぎ",3,"セーター, スリッパ, けり",17,10,背を割つて極暑の衣を脱ぎにけり,10,セーターの赤が似合ひて老いにけり,10,寸鉄をもて氷盤を磨ぎにけり
セーターを着こなしてゐる砂時計,-26.0283,0.9876844882965088,0.9999997019767761,セーター,三冬,,3,"着, こなし, ゐる",3,"セーター, 砂, 時計",17,9,セーターを着て晩年のまだ見えず,9,セーターを着て風狂に遠くをり,9,セーターを着せられし子の兎跳び
セーターを着て身軽げに老いゆくも,-26.031836,0.9883027672767639,0.9999996423721313,セーター,三冬,,3,"着, 老い, ゆく",1,セーター,17,8,セーターを着て風狂に遠くをり,9,セーターを着て晩年のまだ見えず,9,セーターをあれこれ鏡に夫癒ゆる
セーターの胸明るくてあたたかし,-26.032648,0.981659471988678,0.9999997019767761,セーター,三冬,,0,,2,"セーター, 胸",17,8,竹秋の風騒ぎしてあたたかし,8,セーターを脱ぎてセーターあたたかし,8,メーデーの腕くめば雨にあたたかし
セーターの胸をはだけて妻が来る,-26.033236,0.9860769510269165,0.9999997019767761,セーター,三冬,,2,"はだけ, 来る",3,"セーター, 胸, 妻",17,8,セーターの中に貧しき丘がある,8,セーターの胸の薔薇ごと愛さるる,9,浅黒き胸をはだけてマンゴ売
セーターに顎つき出して疲れけり,-26.040026,0.9860588908195496,0.9999997019767761,セーター,三冬,けり,2,"つき出し, 疲れ",3,"セーター, 顎, けり",17,8,母猫が子につかはれて疲れけり,8,セーターに顎まで埋め怠惰なり,9,セーターの赤が似合ひて老いにけり
セーターに胸板少しありにけり,-26.04106,0.9243410229682922,0.9999997019767761,セーター,三冬,けり,0,,4,"セーター, 胸板, あり, けり",17,8,盆路の巌にひびきありにけり,8,曝涼の間に姿見のありにけり,8,真清水に早苗浸してありにけり
セーターを着せられてゐる父と子よ,-26.041832,0.9836493730545044,0.9999997019767761,セーター,三冬,,2,"着せ, ゐる",3,"セーター, 父, 子",17,7,セーターを着せられし子の兎跳び,8,外套を着せられてゐる別れかな,9,鬼飲みをさせられてをる滑子汁
セーターの中の赤子を抱き起こす,-26.0421,0.9883544445037842,0.9999997019767761,セーター,三冬,,1,抱き起こす,3,"セーター, 中, 赤子",17,9,セーターの中に貧しき丘がある,9,セーターの樅の木の色会ひたしよ,9,セーターの胸の薔薇ごと愛さるる
セーターの胸をはだけて人逝けり,-26.051083,0.9868451356887817,0.9999997019767761,セーター,三冬,,2,"はだけ, 逝け",3,"セーター, 胸, 人",17,8,セーターの袖口ゆるく一人なり,8,セーターの赤が似合ひて老いにけり,8,セーターの胸にV切る銀ぐさり
セーターの人の背中の見えてゐる,-26.052073,0.9729738235473633,0.9999997019767761,セーター,三冬,,2,"見え, ゐる",3,"セーター, 人, 背中",17,8,雪卸し有事の艦の見えてゐる,8,セーターの胸の薔薇ごと愛さるる,8,セーターの赤標的になっている
セーターに顔入れてゐるうつつかな,-26.053215,0.9825644493103027,0.9999997019767761,セーター,三冬,かな,2,"入れ, ゐる",3,"セーター, 顔, うつつ",17,8,涅槃図に母探しゐるうつつかな,9,風船に縛られてゐる手首かな,9,老人の気に入つてゐる冬木かな
セーターの胸の高さをまぶしめり,-26.063505,0.9833315014839172,0.9999997019767761,セーター,三冬,,1,まぶし,2,"セーター, 胸",17,7,うすずみの世の紅梅をまぶしめり,7,柿の花空の青さをまぶしめり,8,帰省子のひろき額をまぶしめり
セーターの胸をはだけて丁寧に,-26.071085,0.983329713344574,0.056597232818603516,セーター,三冬,,1,はだけ,2,"セーター, 胸",17,8,セーターの胸にV切る銀ぐさり,8,甚平の前をはだけて宇宙論,9,セーターの白は誰にも似合ふ色
セーターの胸の高さに人が立つ,-26.074427,0.9852808117866516,0.9999997019767761,セーター,三冬,,1,立つ,3,"セーター, 胸, 人",17,8,セーターの中に貧しき丘がある,8,大氷河無のしづけさに人等立つ,8,セーターの錨の模様胸を逸れ
セーターを着こなしてゐる老女かな,-26.07857,0.9938633441925049,0.9999997019767761,セーター,三冬,かな,3,"着, こなし, ゐる",2,"セーター, 老女",17,8,鼠花火をはげましてゐる女かな,9,フレームをはみ出してゐる蕾かな,9,鵯の日をこぼしゐる大樹かな
セーターを着て美しく生きてをり,-26.082666,0.9943302273750305,0.9999997019767761,セーター,三冬,,2,"着, 生き",1,セーター,17,6,セーターを着て風狂に遠くをり,8,セーターを着て晩年のまだ見えず,9,セルを着て髪美しき男かな
セーターの襟つき合す母の顔,-26.090586,0.9871727228164673,0.9999997019767761,セーター,三冬,,1,合す,4,"セーター, 襟, 母, 顔",17,8,もち前の角つき合や鹿の恋,8,越後路の軒つき合す雪囲,8,セーターの上から触れし力瘤
セーターを着ていつまでも暮し向き,-26.094158,0.9946392774581909,0.9999996423721313,セーター,三冬,,1,着,2,"セーター, 暮し向き",17,9,セーターを着て晩年のまだ見えず,9,セーターを着て風狂に遠くをり,10,齢見えてをりいつまでも春の暮
セーターに顔埋めてやる男の子,-26.10301,0.9818000793457031,0.9999997019767761,セーター,三冬,,2,"埋め, やる",3,"セーター, 顔, 男の子",17,7,セーターに顎を埋めて少女期去る,8,セーターに顔出して遠き山が見ゆ,9,水の秋笛吹いてゐる男の子
セーターの胸のところが真赤なり,-26.10788,0.9820473194122314,0.9999997019767761,セーター,三冬,,0,,3,"セーター, 胸, ところ",17,8,セーターの袖口ゆるく一人なり,8,セーターの胸にV切る銀ぐさり,8,セーターの胸の薔薇ごと愛さるる
セーターを着てもひとりの世界かな,-26.109627,0.9825383424758911,0.9999997019767761,セーター,三冬,かな,1,着,3,"セーター, ひとり, 世界",17,9,われひとり夫もひとりの露台かな,9,セーターを着て晩年のまだ見えず,9,セーターを着て風狂に遠くをり
セーターを肩にかけたる二人かな,-26.11063,0.9918622374534607,0.9999997019767761,セーター,三冬,かな,1,かけ,3,"セーター, 肩, 二人",17,7,一年を菊にかけたる男かな,7,夕蟇を杖にかけたる散歩かな,7,生涯を恋にかけたる桜かな
セーターの胸熱くしてあはれなり,-26.114511,0.9863036274909973,0.9999997019767761,セーター,三冬,,1,し,3,"セーター, 胸, あはれ",17,8,草の市價安くてあはれなり,8,鳴く鳩の胸熱くして暮春かな,8,渋柿の色艶栄えてあはれなり
セーターを着て少年を思ひをり,-26.11646,0.9951958656311035,0.9999996423721313,セーター,三冬,,2,"着, 思ひ",2,"セーター, 少年",17,5,セーターを着て風狂に遠くをり,7,すかんほを噛み残年を思ひをり,7,セーターを着て晩年のまだ見えず
セーターに顔寄せてゐる童女かな,-26.117144,0.9891195893287659,0.9999997019767761,セーター,三冬,かな,2,"寄せ, ゐる",3,"セーター, 顔, 童女",17,8,セーターに顔出して遠き山が見ゆ,8,腹の上に猫のせてゐる二日かな,8,紫蘇殻をにほはせてゐる焚火かな
水呑んでセーターに顔上げにけり,-26.117264,0.9837638139724731,0.9999997019767761,セーター,三冬,けり,1,呑ん,5,"水, セーター, 顔, 上げ, けり",17,8,それつきりの春雷に顔上げにけり,9,ゆりかもめ端を岸に上げにけり,9,水澄んでひとりの母となりにけり
セーターをはみ出してゐる人の貌,-26.118864,0.9892975687980652,0.9999997019767761,セーター,三冬,,2,"はみ出し, ゐる",3,"セーター, 人, 貌",17,7,肩幅をはみ出してゐる麦藁帽,7,羽子板をはみ出してゐる写楽の目,7,フレームをはみ出してゐる蕾かな
セーターを着せられて来しところかな,-26.119528,0.9935564398765564,0.9999997019767761,セーター,三冬,かな,2,"着せ, 来",2,"セーター, ところ",17,7,セーターを着せられし子の兎跳び,9,外套を着せられてゐる別れかな,9,冬満月柳をそれしところかな
セーターを着ていつまでも若かりき,-26.120243,0.9953999519348145,0.9999996423721313,セーター,三冬,,2,"着, き",1,セーター,17,8,セーターを着て風狂に遠くをり,9,セーターを着て晩年のまだ見えず,9,紫蘇揉みし指いつまでも紅かりし
セーターの胸の高さに手を洗う,-26.126797,0.9839407801628113,0.9999997019767761,セーター,三冬,,1,洗う,3,"セーター, 胸, 手",17,7,セーターの錨の模様胸を逸れ,8,セーターの胸の薔薇ごと愛さるる,8,セーターの胸にV切る銀ぐさり
セーターの胸のさみしき少女かな,-26.13614,0.9820135831832886,0.9999997019767761,セーター,三冬,かな,2,"さみし, き",3,"セーター, 胸, 少女",17,7,紺青の蟹のさみしき泉かな,7,赤松の方のさみしき夏暁かな,8,樗吹く風のさみしき安居かな
セーターを着せられし身の透きとほる,-26.146646,0.9915603399276733,0.9999997019767761,セーター,三冬,,2,"着せ, ほる",3,"セーター, 身, 透き",17,6,セーターを着せられし子の兎跳び,9,穴まどひかくれし草の透きとほる,10,セーターを着て晩年のまだ見えず
セーターに顎埋めてをり日脚のぶ,-26.146955,0.9852852821350098,0.9999997019767761,セーター,三冬,,1,埋め,5,"セーター, 顎, り, 日脚, ぶ",17,7,セーターに顎を埋めて少女期去る,7,病床に忘られてをり日脚のぶ,8,幼な児に胸嗅がれをり日脚のぶ
セーターを着て全身をあつめをり,-26.152473,0.9937042593955994,0.9999996423721313,セーター,三冬,,1,着,3,"セーター, 全身, あつめ",17,6,セーターを着て風狂に遠くをり,8,セーターを着て晩年のまだ見えず,9,甚平をもて老残をつつみをり
セーターを着ていつまでも暮しをり,-26.162037,0.9952059984207153,0.9999996423721313,セーター,三冬,,1,着,2,"セーター, 暮し",17,7,セーターを着て風狂に遠くをり,9,セーターを着て晩年のまだ見えず,10,セーターを着せられし子の兎跳び
セーターに包まれている少年期,-26.167,0.9861889481544495,0.9999996423721313,セーター,三冬,,2,"包ま, いる",3,"セーター, 少年, 期",17,8,セーターに乳頭尖らせて少女,8,孫たちに囲まれている敗戦日,8,セーターに顎まで埋め怠惰なり
セーターの首をかしげて歩きけり,-26.16747,0.9863686561584473,0.9999996423721313,セーター,三冬,けり,2,"かしげ, 歩き",3,"セーター, 首, けり",17,8,凩に面を上げて歩きけり,8,スケーター心をかたちに描きけり,8,土用浪能登をかしげて通りけり
戻り来てセーターに顔入れにけり,-26.17866,0.9906622767448425,0.9999997019767761,セーター,三冬,けり,1,戻り来,4,"セーター, 顔, 入れ, けり",17,7,戻り来て深夜の雛に逢ひにけり,9,花に来て都の雨にふられけり,9,渡り来て島の小鳥となりにけり
セーターに片手をかざす子供かな,-26.19963,0.9832184910774231,0.9999997019767761,セーター,三冬,かな,1,かざす,3,"セーター, 片手, 子供",17,8,鷺の羽に夕日をかざす時雨かな,9,山の端に乙鳥をかへす入日かな,9,セーターに頭のかたち頭出る
セーターを着て少年の声発す,-26.21657,0.9933010339736938,0.9999997019767761,セーター,三冬,,2,"着, 発す",3,"セーター, 少年, 声",17,6,セーターを着て晩年のまだ見えず,7,セーターを着て風狂に遠くをり,8,セーターを着せられし子の兎跳び
セーターに顎埋めてゐる妻の愛,-26.221743,0.9863749742507935,0.9999997019767761,セーター,三冬,,2,"埋め, ゐる",4,"セーター, 顎, 妻, 愛",17,6,セーターに顎を埋めて少女期去る,8,くれなゐに布染めてゐる鵙の昼,8,セーターに顎まで埋め怠惰なり
セーターの男ばかりの写真館,-26.225283,0.987165629863739,0.9999997019767761,セーター,三冬,,0,,3,"セーター, 男, 写真",17,7,潮焼の男ばかりの踊かな,7,七十路の男ばかりの花筵,8,梨畑の女ばかりの袋掛
百姓にセーター着せて帰りけり,-26.228754,0.9856311678886414,0.9999997019767761,セーター,三冬,けり,2,"着せ, 帰り",3,"百姓, セーター, けり",17,8,炎天に墓を残して帰りけり,8,喪の客の雪を哭かせて帰りけり,8,百姓の顔で案山子の帰りけり
セーターの襟つき合す背中かな,-26.230722,0.9866724014282227,0.9999997019767761,セーター,三冬,かな,1,合す,3,"セーター, 襟, 背中",17,8,稻妻の壁つき通す光りかな,8,君が代のかほつき合す榾家かな,9,短かくて毛布つき足す蒲団かな
セーターを着て老人の話など,-26.247179,0.9926977157592773,0.0019278526306152344,セーター,三冬,,1,着,3,"セーター, 老人, 話",17,7,セーターを着て晩年のまだ見えず,7,セーターを着て風狂に遠くをり,8,セーターを着せられし子の兎跳び
セーターの襟合はせゐる眼鏡かな,-26.251251,0.9907388091087341,0.9999997019767761,セーター,三冬,かな,2,"襟合は, ゐる",3,"セーター, 襟, 眼鏡",17,8,漸寒の手を合はせゐる出雲かな,8,三伏の酢を合はせゐる夕べかな,8,メーデーの縄を張りゐる巡査かな
セーターの胸こそばゆき子守歌,-26.252968,0.9778104424476624,0.9999997019767761,セーター,三冬,,0,,5,"セーター, 胸, ゆき, 子守, 歌",17,8,セーターの胸にV切る銀ぐさり,8,足裏の土こそばゆき佛生会,9,セーターの赤標的になっている
セーターの襟から出たる男かな,-26.255219,0.992469847202301,0.9999996423721313,セーター,三冬,かな,1,出,3,"セーター, 襟, 男",17,6,蓬莱の下から出たる旭かな,7,セーターの上から触れし力瘤,8,大店の檐つらねたる柳かな
セーターの襟かき合せ赤子泣く,-26.262255,0.9869005084037781,0.9999997019767761,セーター,三冬,,2,"かき合せ, 泣く",3,"セーター, 襟, 赤子",17,8,セーターの紫許せ紫禁城,8,セーターの上から触れし力瘤,9,セーターの上に口あり笑ひあり
セーターの胸熱くして車椅子,-26.275171,0.9836547374725342,0.9999997019767761,セーター,三冬,,1,し,4,"セーター, 胸, 車, 椅子",17,8,ヒーターの中にくるしい水の音,8,セーターの中に貧しき丘がある,8,萩の園身を乗り出して車椅子
セーターを著て大学を出たりけり,-26.27918,0.9913837909698486,0.9999997019767761,セーター,三冬,けり,2,"著, 出",3,"セーター, 大学, けり",17,8,セーターを着て風狂に遠くをり,9,陽炎に扇を敷て寝たりけり,9,セーターを着て晩年のまだ見えず
セーターの胸の高さよ平和主義,-26.283056,0.9812248945236206,0.9999997019767761,セーター,三冬,,0,,4,"セーター, 胸, 平和, 主義",17,8,セーターの胸にV切る銀ぐさり,8,セーターの胸の薔薇ごと愛さるる,8,セーターの錨の模様胸を逸れ
セーターを着せられながら教師妻,-26.28859,0.9927092790603638,0.9999996423721313,セーター,三冬,,1,着せ,3,"セーター, 教師, 妻",17,6,セーターを着せられし子の兎跳び,9,セーターを着て風狂に遠くをり,9,セーターを着て晩年のまだ見えず
セーターの胸の高さやオートバイ,-26.291643,0.9696012139320374,0.9999997019767761,セーター,三冬,や,0,,3,"セーター, 胸, オートバイ",17,8,セーターの胸の薔薇ごと愛さるる,9,セーターの胸にV切る銀ぐさり,9,セーターの錨の模様胸を逸れ
セーターの首をのべたる赤子かな,-26.293465,0.9784014821052551,0.9999997019767761,セーター,三冬,かな,1,のべ,3,"セーター, 首, 赤子",17,8,星合の敲きのべたる一句かな,8,メーデーの縄を張りゐる巡査かな,8,南天の実を集めたる赤さかな
セーターの袖を汚して戻りけり,-26.300936,0.989177942276001,0.9999997019767761,セーター,三冬,けり,2,"汚し, 戻り",3,"セーター, 袖, けり",17,6,野施行の水を濁して戻りけり,7,セーターの袖口ゆるく一人なり,7,葉隠りの滝に礼して戻りけり
セーターを着せられてゐる越後かな,-26.304901,0.9948840141296387,0.9999997019767761,セーター,三冬,かな,2,"着せ, ゐる",2,"セーター, 越後",17,6,外套を着せられてゐる別れかな,7,セーターを着せられし子の兎跳び,8,猫の尻見せられてゐる大暑かな
セーターに腰を下ろして少年期,-26.3071,0.9886196851730347,0.9999980330467224,セーター,三冬,,1,下ろし,4,"セーター, 腰, 少年, 期",17,7,セーターに顎を埋めて少女期去る,7,セーターに乳頭尖らせて少女,8,石あれば腰を下ろして天高し
セーターを著て老いゆくを見守りぬ,-26.311487,0.9925376176834106,0.9999997019767761,セーター,三冬,,4,"著, 老い, ゆく, 見守り",1,セーター,17,8,セーターを着て風狂に遠くをり,9,セーターを着て晩年のまだ見えず,10,セーターの袖口ゆるく一人なり
セーターの胸に据ゑたる男の子,-26.315247,0.9825316667556763,0.9999997019767761,セーター,三冬,,1,据ゑ,3,"セーター, 胸, 男の子",17,7,セーターの胸にV切る銀ぐさり,8,テーブルを庭に据ゑたり草の花,8,セーターの中に貧しき丘がある
セーターの胸をはだけて旅の妻,-26.317137,0.9873013496398926,0.9999997019767761,セーター,三冬,,1,はだけ,4,"セーター, 胸, 旅, 妻",17,8,セーターの胸にV切る銀ぐさり,8,甚平の前をはだけて宇宙論,9,骨片の白くくだけて冬の蝶
セーターの人形つかふ乳房あり,-26.317532,0.8597528338432312,0.9999997019767761,セーター,三冬,,2,"つかふ, 乳房あり",3,"セーター, 人形, 乳房",17,7,セーターの上に口あり笑ひあり,8,セーターの中に貧しき丘がある,8,セーターの胸にV切る銀ぐさり
セーターを着て少年の視線なり,-26.320168,0.9914406538009644,0.9999996423721313,セーター,三冬,,1,着,3,"セーター, 少年, 視線",17,6,セーターを着て晩年のまだ見えず,6,セーターを着て風狂に遠くをり,8,セーターに顎まで埋め怠惰なり
セーターの胸はだけたる軽さかな,-26.326738,0.982542872428894,0.9999997019767761,セーター,三冬,かな,0,,2,"セーター, 胸",17,8,セーターの胸にV切る銀ぐさり,8,セーターの胸の薔薇ごと愛さるる,9,秋の夜の猫のあけたる障子かな
セーターを着て淋しさの極みより,-26.33044,0.7905492782592773,0.999999463558197,セーター,三冬,,1,着,2,"セーター, 極み",17,7,セーターを着て風狂に遠くをり,8,セーターに着きし羽毛のいづくより,8,セーターを着せられし子の兎跳び
セーターに身の軽くなる話など,-26.34333,0.9856938719749451,0.995850145816803,セーター,三冬,,1,なる,3,"セーター, 身, 話",17,8,晴天に身の軽くなり草の絮,8,セーターに顎まで埋め怠惰なり,8,セーターに頭のかたち頭出る
セーターの胸の高さを乗せて着く,-26.34475,0.9892606735229492,0.9999997019767761,セーター,三冬,,2,"乗せ, 着く",2,"セーター, 胸",17,8,セーターの胸の薔薇ごと愛さるる,9,セーターの胸にV切る銀ぐさり,9,セーターの樅の木の色会ひたしよ
セーターの黒き匂ひを持ち歩く,-26.350002,0.9909942746162415,0.9999997019767761,セーター,三冬,,3,"黒き, 匂ひ, 持ち歩く",2,"セーター, 黒",17,7,初売りのパンの匂ひを持ち歩く,8,黒雪渓山の睡気を持ち歩く,8,セーターの黒い弾力親不孝
セーターに帽子の紐を結び合ふ,-26.352293,0.9860526919364929,0.9999997019767761,セーター,三冬,,2,"結び, 合ふ",3,"セーター, 帽子, 紐",17,7,踊笠出番の紐を結び合ふ,8,セーターに頭のかたち頭出る,9,朝焼の尾根にザイルを結び合ふ
セーターを着て顔の皺残りけり,-26.356491,0.9918140769004822,0.9999997019767761,セーター,三冬,けり,1,着,5,"セーター, 顔, 皺, 残り, けり",17,6,セーターを着て風狂に遠くをり,7,セーターを着て晩年のまだ見えず,8,寒椿落ちて火の線残りけり
セーターの襟を正してゆれどほし,-26.365675,0.9900739192962646,0.9999997019767761,セーター,三冬,,2,"正し, ゆれ",3,"セーター, 襟, ほし",17,9,セーターの堅きに触れてとまどえり,9,セーターの赤をよそほう悲しみも,9,鉄塔の列を正して夏近し
セーターの胸こそばゆく子供かな,-26.374565,0.9830721616744995,0.9999997019767761,セーター,三冬,かな,0,,3,"セーター, 胸, 子供",17,9,思ひ出のみなこそばゆき跣足かな,9,水鳥の胸に分けゆく桜かな,9,汐汲みの汐こぼしゆく冬日かな
セーターの肩に触れたる怒りかな,-26.380594,0.9855866432189941,0.9999997019767761,セーター,三冬,かな,1,触れ,3,"セーター, 肩, 怒り",17,7,繋舟の櫂に触れたる藻刈かな,7,涼風の筋に触れたる刹那かな,8,セーターの胸にV切る銀ぐさり
セーターを着こなして立つ女の子,-26.384398,0.9881200194358826,0.9999996423721313,セーター,三冬,,3,"着, こなし, 立つ",2,"セーター, 女の子",17,9,セーターを腰に巻きつけ津軽っ子,9,セーターを着て風狂に遠くをり,9,セーターを着せられし子の兎跳び
セーターの胸のあたりを少女駈け,-26.386147,0.9827674627304077,0.9999997019767761,セーター,三冬,,1,駈け,4,"セーター, 胸, あたり, 少女",17,8,セーターの胸の薔薇ごと愛さるる,8,セーターの錨の模様胸を逸れ,9,鴨どつと胸のあたりを帰りゆく
セーターの胸をはだけて水流す,-26.38812,0.9822642207145691,0.9999997019767761,セーター,三冬,,1,はだけ,3,"セーター, 胸, 水流",17,8,セーターの胸にV切る銀ぐさり,8,甚平の前をはだけて宇宙論,9,セーターの錨の模様胸を逸れ
セーターに胸の高さを置きざりに,-26.390003,0.9836074709892273,0.9999997019767761,セーター,三冬,,0,,3,"セーター, 胸, 置きざり",17,9,防風掘しだいに友を置きざりに,9,セーターの胸にV切る銀ぐさり,9,夕立去る森の匂ひを置き去りに
セーターの襟もと色の変りけり,-26.391527,0.9429322481155396,0.9999997019767761,セーター,三冬,けり,0,,5,"セーター, 襟もと, 色, 変り, けり",17,8,セーターや蒼茫と山北にあり,8,セーターの上に口あり笑ひあり,8,水祝戀の敵と名のりけり
セーターに顔入れてゐる少女らし,-26.400597,0.9892764687538147,0.9999997019767761,セーター,三冬,,2,"入れ, ゐる",3,"セーター, 顔, 少女",17,8,セーターに顔出して遠き山が見ゆ,8,セーターに乳頭尖らせて少女,9,梟の羽根に隠れてゐるもよし
セーターの中の一人の眼が笑う,-26.401062,0.9907922744750977,0.9999997019767761,セーター,三冬,,1,笑う,4,"セーター, 中, 一人, 眼",17,7,セーターの中に貧しき丘がある,7,パンジーの中の一つの泣き笑ひ,8,メーデーの遂に一人の家路にて
セーターを着て少年の匂いもつ,-26.408636,0.9920904636383057,0.9999996423721313,セーター,三冬,,2,"着, もつ",3,"セーター, 少年, 匂い",17,6,セーターを着て晩年のまだ見えず,7,セーターを着て風狂に遠くをり,9,かなしみを捨て大年の湖に立つ
セーターの紐ゆるやかに裏返す,-26.420183,0.9819599986076355,0.9999997019767761,セーター,三冬,,1,裏返す,2,"セーター, 紐",17,7,春の夜の紐ゆるやかに束ね髪,8,二挺艪の音ゆるやかに蝶の昼,8,セーターの袖口ゆるく一人なり
セーターを着て楽団に加はりぬ,-26.42044,0.9916020035743713,0.9999997019767761,セーター,三冬,,2,"着, 加はり",2,"セーター, 楽団",17,6,セーターを着て風狂に遠くをり,8,竹皮を脱ぎ月光に加はりぬ,8,暗きより出でて踊に加はりぬ
セーターの胸の高さを持しけり,-26.420588,0.9879482984542847,0.9999997019767761,セーター,三冬,けり,1,持し,3,"セーター, 胸, けり",17,7,セーターの胸にV切る銀ぐさり,8,白障子人の深さを映しけり,8,麦踏みの胸の厚さを見たりけり
セーターを着て物言はぬ少女かな,-26.421638,0.994911253452301,0.9999997019767761,セーター,三冬,かな,2,"着, 言は",3,"セーター, 物, 少女",17,8,セーターを着て晩年のまだ見えず,8,セーターを着て風狂に遠くをり,9,セーターを着せられし子の兎跳び
セーターに顔埋めてゐる牧の牛,-26.422258,0.9823274612426758,0.9999997019767761,セーター,三冬,,2,"埋め, ゐる",4,"セーター, 顔, 牧, 牛",17,7,セーターに顎を埋めて少女期去る,8,くれなゐに布染めてゐる鵙の昼,8,セーターに顔出して遠き山が見ゆ
セーターの中より人の笑ひ声,-26.423273,0.9943637847900391,0.9999996423721313,セーター,三冬,,0,,4,"セーター, 中, 人, 笑ひ声",17,7,セーターの上に口あり笑ひあり,8,現身の寒極りし笑ひ声,8,鳥雲に腕の中より嬰のこゑ
セーターの胸くぼませて歩くなり,-26.42822,0.9865661859512329,0.9999997019767761,セーター,三冬,,2,"くぼま, 歩く",2,"セーター, 胸",17,8,セーターの袖口ゆるく一人なり,8,セーターの胸にV切る銀ぐさり,9,セーターに顎まで埋め怠惰なり
セーターを横抱きにして老いゆくか,-26.43546,0.9861637353897095,0.9999997019767761,セーター,三冬,,3,"し, 老い, ゆく",2,"セーター, 横抱き",17,8,一塊の雪を抱きて老いゆく樹,9,烏柄杓ばかり殖やして老いゆくか,9,セーターの赤が似合ひて老いにけり
セーターに首をのせたる手足かな,-26.436035,0.9820235371589661,0.9999997019767761,セーター,三冬,かな,1,のせ,3,"セーター, 首, 手足",17,8,草刈の草に負けたる手足かな,8,雛の日の海をのせたる籬かな,8,セーターに頭のかたち頭出る
セーターの胸の奥まで父のこと,-26.441814,0.9851674437522888,0.9999997019767761,セーター,三冬,,0,,5,"セーター, 胸, 奥, 父, こと",17,8,セーターの胸の薔薇ごと愛さるる,8,セーターの胸にV切る銀ぐさり,8,冬日差し胸の奥までこんこんと
セーターに重き背中のありにけり,-26.45341,0.9820680022239685,0.9999997019767761,セーター,三冬,けり,0,,5,"セーター, 重き, 背中, あり, けり",17,7,穂芒に迅き流れのありにけり,7,月光に荒き隙間のありにけり,7,桐一葉村に忌中のありにけり
セーターを着てスリッパをはきながら,-26.458103,0.9899686574935913,3.5762786865234375e-7,セーター,三冬,,2,"着, はき",2,"セーター, スリッパ",17,10,セーターを着て風狂に遠くをり,10,年くれぬ笠着て草鞋はきながら,10,セーターを着るとき垂れ目はつきりと
セーターの皺の男と女かな,-26.458334,0.9671970009803772,0.9999997019767761,セーター,三冬,かな,0,,4,"セーター, 皺, 男, 女",17,6,煮凝の果ての男と女かな,6,夏祭旬の男と女かな,6,青大将この日男と女かな
セーターの胸の高さにはじまりし,-26.461357,0.9859321713447571,0.9999997019767761,セーター,三冬,,2,"はじまり, し",2,"セーター, 胸",17,8,蓑虫の簑の風雪はじまりし,8,落葉風庭の一樹にはじまりし,8,セーターの胸にV切る銀ぐさり
セーターの少女の膝の大きくて,-26.461706,0.9834424257278442,0.9999997019767761,セーター,三冬,,0,,3,"セーター, 少女, 膝",17,8,雲の峰ピアスの穴の大きくて,8,セーターの錨の模様胸を逸れ,9,捩花や少女の会釈大人びて
セーターを着せられさうな荷物かな,-26.47036,0.9912623167037964,0.9999997019767761,セーター,三冬,かな,1,着せ,2,"セーター, 荷物",17,7,セーターを着せられし子の兎跳び,9,外套を着せられてゐる別れかな,10,亡き母に叱られさうな湯ざめかな
セーターの襟の中までうつくしく,-26.472364,0.9839711785316467,0.9999996423721313,セーター,三冬,,0,,3,"セーター, 襟, 中",17,8,セーターの樅の木の色会ひたしよ,8,餅配大和の畝のうつくしく,9,通草割く指の力をうつくしく
セーターの胸をはだけて泪ぐむ,-26.472818,0.9864528179168701,0.9999997019767761,セーター,三冬,,2,"はだけ, 泪ぐむ",2,"セーター, 胸",17,8,セーターの胸にV切る銀ぐさり,8,甚平の前をはだけて宇宙論,9,セーターの錨の模様胸を逸れ
セーターの襟の中まで熱かつし,-26.478626,0.9844067096710205,0.9999997019767761,セーター,三冬,,1,し,4,"セーター, 襟, 中, 熱",17,8,馬追の足の先まで青かりし,8,セーターの樅の木の色会ひたしよ,8,セーターの錨の模様胸を逸れ
セーターの胸で背中を押されゆく,-26.484316,0.9317423701286316,0.9999997019767761,セーター,三冬,,2,"押さ, ゆく",3,"セーター, 胸, 背中",17,9,セーターの胸にV切る銀ぐさり,9,セーターの胸の薔薇ごと愛さるる,9,セーターの錨の模様胸を逸れ
セーターの胸奪はるる思ひあり,-26.488176,0.9873387813568115,0.9999997019767761,セーター,三冬,,2,"奪は, 思ひ",3,"セーター, 胸, あり",17,6,セーターの胸にV切る銀ぐさり,6,セーターの上に口あり笑ひあり,7,セーターの袖口ゆるく一人なり
セーターを着こなしてゐる父である,-26.49253,0.9946175217628479,0.9999996423721313,セーター,三冬,,4,"着, こなし, ゐる, ある",2,"セーター, 父",17,9,セーターの中に貧しき丘がある,10,セーターを着て風狂に遠くをり,10,セーターを着て晩年のまだ見えず
セーターの人形の胸触れてをり,-26.503761,0.9827690124511719,0.9999997019767761,セーター,三冬,,1,触れ,3,"セーター, 人形, 胸",17,7,セーターの上から触れし力瘤,8,セーターの胸にV切る銀ぐさり,8,天井に七夕竹の触れてをり
セーターの胸の高さを引き締めし,-26.514236,0.981884777545929,0.9999996423721313,セーター,三冬,,2,"引き締め, し",2,"セーター, 胸",17,8,セーターの胸の薔薇ごと愛さるる,9,冬山のほのぼのしさを引きあてる,9,セーターの樅の木の色会ひたしよ
セーターを着て顔の皺ひとつなし,-26.515078,0.9918713569641113,0.9999997019767761,セーター,三冬,,1,着,5,"セーター, 顔, 皺, ひと, なし",17,8,セーターを着て晩年のまだ見えず,8,セーターを着て風狂に遠くをり,9,セーター着て素顔の日日の流れ行く
セーターの胸のつめたき夜の街,-26.519148,0.9853966236114502,0.9999997019767761,セーター,三冬,,0,,6,"セーター, 胸, つめ, たき, 夜, 街",17,7,万緑の奥のつめたき水の音,8,武尊嶺の風のつめたき春祭,8,三椏の花のつめたき雫かな
セーターの人形の胸明るくて,-26.522158,0.9739747643470764,0.9999996423721313,セーター,三冬,,0,,3,"セーター, 人形, 胸",17,7,天道蟲宵の電車の明るくて,7,天道虫宵の電車の明るくて,7,沼五月雨の水輪の明るくて
セーターに顎のあたりて戻りけり,-26.524208,0.20645302534103394,0.9999997019767761,セーター,三冬,けり,1,戻り,4,"セーター, 顎, あたり, けり",17,7,二三日霧にあたりて泊りけり,8,市中に枯野のありて泊りけり,8,緑蔭は人に譲りて戻りけり
セーターの胸透き通る海の色,-26.525454,0.983519434928894,0.9999997019767761,セーター,三冬,,1,透き通る,4,"セーター, 胸, 海, 色",17,7,セーターの胸にV切る銀ぐさり,8,セーターの錨の模様胸を逸れ,8,セーターの黒い弾力親不孝
セーターに包丁の音ひびきけり,-26.52704,0.9785360097885132,0.9999997019767761,セーター,三冬,けり,0,,5,"セーター, 包丁, 音, ひびき, けり",17,8,浅漬に老の耳奥ひびきけり,8,秋風や検診の声ひびきけり,8,餅花に開演ベルのひびきけり
セーターを胸に降ろして妻帰る,-26.527172,0.9923011660575867,0.9999997019767761,セーター,三冬,,2,"降ろし, 帰る",3,"セーター, 胸, 妻",17,8,セーターの中に貧しき丘がある,8,セーターの胸にV切る銀ぐさり,9,盆花を横抱きにして父帰る
セーターの胸ぬらしたる汚れなし,-26.528496,0.9888080954551697,0.9999997019767761,セーター,三冬,,1,ぬらし,4,"セーター, 胸, 汚れ, なし",17,8,セーターの胸にV切る銀ぐさり,9,セーターの上から触れし力瘤,9,セーターの袖口ゆるく一人なり
セーターの胸あたたかき少女来る,-26.53866,0.9856128692626953,0.9999997019767761,セーター,三冬,,1,少女来る,4,"セーター, 胸, かき, 少女",17,8,セーターの中に貧しき丘がある,8,セーターの胸の薔薇ごと愛さるる,9,水底の砂あたたかき野菊かな
セーターの手持無沙汰を詫びに出る,-26.539328,0.9814726710319519,0.9999997019767761,セーター,三冬,,1,出る,4,"セーター, 手持, 沙汰, 詫び",17,10,奪衣婆の手持無沙汰の小春かな,10,セーターの胸の薔薇ごと愛さるる,10,禁煙の手持無沙汰の秋扇
セーターを脱ぎて軽さを失へり,-26.543428,0.99425208568573,0.9999997019767761,セーター,三冬,,2,"脱ぎ, 失へ",1,セーター,17,8,セーターを着て風狂に遠くをり,8,ふらここを降りて翼を失へり,9,蟻穴を出て一天を窺へり
セーターに顔埋めてゐる椅子にゐる,-26.543444,0.9875624179840088,0.9999997019767761,セーター,三冬,,3,"埋め, ゐる, ゐる",3,"セーター, 顔, 椅子",17,8,セーターに顎を埋めて少女期去る,9,セーターに顔出して遠き山が見ゆ,10,夕焼を睫に溜めて汽車にゐる
セーターの胸美しき子の誕生日,-26.54876,0.990925669670105,0.9999997019767761,セーター,三冬,,0,,6,"セーター, 胸, 美, 子, 誕生, 日",17,8,セーターの中に貧しき丘がある,8,セーターの胸にV切る銀ぐさり,8,蛤の酒蒸し夫の誕生日
セーターの肩やはらかく反抗期,-26.54988,0.9902696013450623,0.9999997019767761,セーター,三冬,や,0,,6,"セーター, 肩, はら, かく, 反抗, 期",17,8,セーターの上から触れし力瘤,8,草摘みの土やはらかく雨上る,9,わら屋根に影やはらかく竹の春
セーターを着せられをりし男の子,-26.554586,0.9912397265434265,0.9999997019767761,セーター,三冬,,1,着せ,2,"セーター, 男の子",17,6,セーターを着せられし子の兎跳び,9,セーターを腰に巻きつけ津軽っ子,9,セーターの上から触れし力瘤
セーターをはみ出してゐるボールペン,-26.557116,0.8880692720413208,0.999996542930603,セーター,三冬,,2,"はみ出し, ゐる",3,"セーター, ボール, ペン",17,9,肩幅をはみ出してゐる麦藁帽,9,羽子板をはみ出してゐる写楽の目,9,フレームをはみ出してゐる蕾かな
セーターを着せられて身の軽さかな,-26.558006,0.9929914474487305,0.9999997019767761,セーター,三冬,かな,1,着せ,2,"セーター, 身",17,6,セーターを着せられし子の兎跳び,8,外套を着せられてゐる別れかな,9,父の忌へ着ぶくれし身の重さかな
セーターの肩にのせたる女かな,-26.559034,0.9874781370162964,0.9999997019767761,セーター,三冬,かな,1,のせ,3,"セーター, 肩, 女",17,7,雛の日の海をのせたる籬かな,8,三山の闇に置きたる扇かな,8,花茨故郷の路に似たるかな
セーターの襟の中より男の子,-26.559149,0.9877089858055115,0.9999997019767761,セーター,三冬,,0,,4,"セーター, 襟, 中, 男の子",17,7,曲水の女の童より男の童,7,日盛りの石の中より水の音,7,お彼岸の雪の中より人の顔
セーターの男が赤い舌を出す,-26.564638,0.9850761890411377,0.9999993443489075,セーター,三冬,,1,出す,3,"セーター, 男, 舌",17,7,セーターの錨の模様胸を逸れ,8,セーターに頭のかたち頭出る,8,セーターの紫許せ紫禁城
セーターを著て無口なる男なり,-26.56729,0.9927598237991333,0.9999997019767761,セーター,三冬,,1,著,3,"セーター, 無口, 男",17,7,セーターを着て風狂に遠くをり,8,セーターの袖口ゆるく一人なり,8,セーターに顎まで埋め怠惰なり
セーターの肩のあたりの暗かりき,-26.56988,0.9881052374839783,0.9999997019767761,セーター,三冬,,2,"かり, き",3,"セーター, 肩, あたり",17,8,割れ石榴父のあそびの暗かりき,8,セーターの上に口あり笑ひあり,9,セーターの錨の模様胸を逸れ
セーターのまんなかにある安堵かな,-26.570488,0.9835641384124756,0.9999997019767761,セーター,三冬,かな,1,ある,3,"セーター, まんなか, 安堵",17,8,秋風のまんなかにある仏の手,8,冬麗のまんなかにある床柱,8,オーバーの裏側にある荒野かな
セーターを著て友情を深うせり,-26.573654,0.9877713918685913,0.9999996423721313,セーター,三冬,,1,著,3,"セーター, 友情, せり",17,6,立泳ぎして友情を深うせり,6,たち泳ぎして友情を深うせり,7,セーターを着て風狂に遠くをり
セーターに妻との距離のありにけり,-26.582176,0.9900879859924316,0.9999997019767761,セーター,三冬,けり,0,,5,"セーター, 妻, 距離, あり, けり",17,8,七夕に夜干の網のありにけり,8,土雛に鼻の高さのありにけり,8,空蝉に草の匂ひのありにけり
セーターの胸の高さに開くまで,-26.582859,0.968040406703949,0.9999995827674866,セーター,三冬,,1,開く,2,"セーター, 胸",17,8,セーターを着て風狂に遠くをり,8,セーターの錨の模様胸を逸れ,8,セーターの胸の薔薇ごと愛さるる
セーターの中に少女が坐り込む,-26.584307,0.986577033996582,0.9999995827674866,セーター,三冬,,1,坐り込む,3,"セーター, 中, 少女",17,7,セーターの中に貧しき丘がある,8,ヒーターの中にくるしい水の音,8,セーターの上に口あり笑ひあり
セーターの胸くつろげて坐りけり,-26.588715,0.9851325154304504,0.9999997019767761,セーター,三冬,けり,2,"くつろげ, 坐り",3,"セーター, 胸, けり",17,6,新涼の胸くつろげてありにけり,8,藁の上の暖くして坐りけり,8,セーターの赤が似合ひて老いにけり
セーターの帽子大きく仰ぎけり,-26.589231,0.9881475567817688,0.9999997019767761,セーター,三冬,けり,1,仰ぎ,3,"セーター, 帽子, けり",17,7,セーターの袖口ゆるく一人なり,8,セーターの王子風邪気におはしけり,8,寒入りの句帖大きく構へけり
セーターの胸みどりなる幼な顔,-26.591547,0.9745083451271057,0.9999997019767761,セーター,三冬,,0,,4,"セーター, 胸, みどり, 顔",17,8,セーターの袖口ゆるく一人なり,8,山の子の声みどりなる夏隣,8,秋口の星みどりなる嶽の上
セーターの胸の高さに身を置かず,-26.60009,0.9870619177818298,0.9999997019767761,セーター,三冬,,1,置か,3,"セーター, 胸, 身",17,8,セーターの錨の模様胸を逸れ,8,メーデーの日の空席に本置かれ,8,ナイターの坩堝の中に身を置きて
セーターの胸の高さや母の愛,-26.600765,0.9824265241622925,0.9999997019767761,セーター,三冬,や,0,,4,"セーター, 胸, 母, 愛",17,7,祈る手の胸の高さに秋の風,7,セーターの錨の模様胸を逸れ,7,観音の胸の厚さや稲の花
セーターの黒くなりたる帽子かな,-26.60105,0.985253095626831,0.9999997019767761,セーター,三冬,かな,1,なり,2,"セーター, 帽子",17,7,面影の遠くなりたる油団かな,8,匂ふほどの雪となりたる追儺かな,8,影法師の横になりたる火燵かな
セーターを著てわれよりも老いゆくか,-26.601187,0.9891224503517151,0.9999997019767761,セーター,三冬,,3,"著, 老い, ゆく",1,セーター,17,10,セーターをあれこれ鏡に夫癒ゆる,11,載せ石の灼けて籠の鵜老いゆくか,11,セーターをくぐる両手が宙を突く
セーターの胸の高さに人在らず,-26.60297,0.9859318733215332,0.9999997019767761,セーター,三冬,,1,人在ら,3,"セーター, 胸, 人",17,8,セーターの胸の薔薇ごと愛さるる,8,セーターの胸にV切る銀ぐさり,8,祈る手の胸の高さに秋の風
セーターに肩を落として女来る,-26.617872,0.9885137677192688,0.9999997019767761,セーター,三冬,,2,"落とし, 女来る",3,"セーター, 肩, 女",17,7,セーターに顎を埋めて少女期去る,8,セーターに乳頭尖らせて少女,8,高館に声を落して雁帰る
セーターの胸の高さに息とめぬ,-26.626442,0.9838679432868958,0.9999997019767761,セーター,三冬,,1,とめ,3,"セーター, 胸, 息",17,8,セーターの胸にV切る銀ぐさり,8,セーターの錨の模様胸を逸れ,8,祈る手の胸の高さに秋の風
セーターを着こなして来し子なりけり,-26.627352,0.9942407011985779,0.9999997019767761,セーター,三冬,けり,3,"着, こなし, 来",3,"セーター, 子, けり",17,9,セーターを着て風狂に遠くをり,9,セーターを着せられし子の兎跳び,10,爪弾きして金亀子なりけり
セーターの皺の中なる反抗期,-26.63898,0.9843472242355347,0.9999997019767761,セーター,三冬,,1,中なる,5,"セーター, 皺, 中, 反抗, 期",17,7,セーターの錨の模様胸を逸れ,8,永日の店の中なる大鏡,8,初伊勢の松の中なる三番叟
セーターの胸の高さに重たけれ,-26.640846,0.763764500617981,0.9999997019767761,セーター,三冬,,0,,2,"セーター, 胸",17,7,セーターの錨の模様胸を逸れ,8,白薔薇の胸の高さに咲きにけり,8,誰かれの墓の高さに菊咲けり
セーターを着こなしてゐる雫かな,-26.643963,0.9830798506736755,0.9999997019767761,セーター,三冬,かな,3,"着, こなし, ゐる",2,"セーター, 雫",17,8,端然と恋をしてゐる雛かな,8,フレームをはみ出してゐる蕾かな,8,一庵を葺替へてゐる雫かな
セーターを首まぶしがる少女かな,-26.64801,0.011967182159423828,0.9999996423721313,セーター,三冬,かな,0,,3,"セーター, 首, 少女",17,9,セーターに乳頭尖らせて少女,9,勝鶏に手をあましをる夫婦かな,9,塩市の飴をほしがる老父かな
セーターの胸あたたかき恋か死か,-26.652096,0.9836582541465759,0.9999997019767761,セーター,三冬,,0,,5,"セーター, 胸, かき, 恋, 死",17,8,ふるさとの雪あたたかき麓かな,9,鎌倉の雨あたたかき立子の忌,9,黒潮の風あたたかき冬の蝶
セーターに顔埋めるまで働けり,-26.652346,0.9790292382240295,0.9999997019767761,セーター,三冬,,2,"埋める, 働け",2,"セーター, 顔",17,8,セーターに顎を埋めて少女期去る,8,セーターの袖口ゆるく一人なり,8,セーターに首長族のここちせり
セーターを着せて女の無口なる,-26.654213,0.990075409412384,0.9999997019767761,セーター,三冬,,1,着せ,3,"セーター, 女, 無口",17,8,セーターを着て晩年のまだ見えず,8,セーターを着て風狂に遠くをり,8,セーターを着せられし子の兎跳び
セーターの胸のつめたきたなごころ,-26.661371,0.9791016578674316,0.9999997019767761,セーター,三冬,,0,,5,"セーター, 胸, つめ, たき, たなごころ",17,8,人日の少し重たきたなごころ,8,一房の葡萄重たきたなごころ,9,セーターの胸の薔薇ごと愛さるる
セーターに顔をあげたる人形師,-26.66675,0.9843606948852539,0.9999997019767761,セーター,三冬,,1,あげ,3,"セーター, 顔, 人形",17,8,小春日の川をあやつる人形師,8,セーターに頭のかたち頭出る,9,手をかりて腰をあげたる花の山
セーターの胸の高さで少女去る,-26.669588,0.9807118773460388,0.9999997019767761,セーター,三冬,,1,少女去る,3,"セーター, 胸, 少女",17,7,セーターに顎を埋めて少女期去る,7,セーターの胸の薔薇ごと愛さるる,8,セーターに頭のかたち頭出る
セーターの泥をぬらして戻りけり,-26.671875,0.9784430265426636,0.9999997019767761,セーター,三冬,けり,2,"ぬらし, 戻り",3,"セーター, 泥, けり",17,6,春志の石を鳴らして戻りけり,7,野施行の水を濁して戻りけり,8,草の実の色をつくして懸りけり
セーターの帽の中なる少女かな,-26.673826,0.9814462661743164,0.9999997019767761,セーター,三冬,かな,1,中なる,4,"セーター, 帽, 中, 少女",17,7,ねんねこの色の中なる母子かな,7,あらたまの玉の中なる戦火かな,7,秋風の塔の中なる障子かな
セーターの胸の高さに風運ぶ,-26.674402,0.9771260619163513,0.9999997019767761,セーター,三冬,,1,運ぶ,3,"セーター, 胸, 風",17,6,秋の野の花の高さに風遊ぶ,7,祈る手の胸の高さに秋の風,7,セーターの錨の模様胸を逸れ
セーターの襟よごれたる足の裏,-26.675861,0.9854767322540283,0.9999997019767761,セーター,三冬,,1,よごれ,4,"セーター, 襟, 足, 裏",17,9,セーターの上に口あり笑ひあり,9,初富士の裾野入れたる海の音,9,セーターの中に貧しき丘がある
着膨れてセーターの胸汚れなし,-26.677158,0.9909303188323975,0.9999997019767761,セーター,三冬,,1,着膨れ,4,"セーター, 胸, 汚れ, なし",17,8,着膨れて籤運恃むこともなし,8,父われにセーターの子の体当り,9,着膨れて書店の中が祭めく
セーターの襟あたたかき男の子,-26.678005,0.9847767949104309,0.9999996423721313,セーター,三冬,,0,,4,"セーター, 襟, かき, 男の子",17,7,歳晩の雨あたたかき父の家,7,黒潮の風あたたかき冬の蝶,7,くれなゐの闇あたたかき雛の間
セーターの胸の高さに世紀末,-26.69233,0.9821376204490662,0.9999996423721313,セーター,三冬,,0,,3,"セーター, 胸, 世紀",17,7,祈る手の胸の高さに秋の風,7,セーターの錨の模様胸を逸れ,8,初花の朴の高さに勤行す
セーターの胸広にして反抗期,-26.696459,0.9815656542778015,0.9999997019767761,セーター,三冬,,1,し,5,"セーター, 胸, 広, 反抗, 期",17,7,オーバーの裾長にして老教授,8,セーターの赤標的になっている,8,セーターの紫許せ紫禁城
セーターに顔埋めてをる男の子,-26.69966,0.9859229326248169,0.9999997019767761,セーター,三冬,,1,埋め,3,"セーター, 顔, 男の子",17,7,セーターに顎を埋めて少女期去る,8,セーターに顔出して遠き山が見ゆ,9,セーターに乳頭尖らせて少女
セーターを着こなすもののありにけり,-26.70446,0.9936609864234924,0.9999997019767761,セーター,三冬,けり,2,"着, こなす",4,"セーター, もの, あり, けり",17,9,形代にをんなの袂ありにけり,9,銭といふ冷やかなものありにけり,10,鮎鮨の鮨にも顔のありにけり
セーターに胸当ててゐる娘かな,-26.708618,0.9853786826133728,0.9999997019767761,セーター,三冬,かな,2,"当て, ゐる",3,"セーター, 胸, 娘",17,8,若竹に猫の寝てゐる畳かな,8,片陰の窓に出てゐる腕かな,8,藤棚の下に来てゐる汀かな
セーターの胸の上なる反戦歌,-26.711958,0.9885703325271606,0.9999997019767761,セーター,三冬,,1,上なる,4,"セーター, 胸, 上, 反戦",17,7,セーターの胸にV切る銀ぐさり,7,セーターの錨の模様胸を逸れ,8,セーターの紫許せ紫禁城
セーターを着て東京に出る日かな,-26.713243,0.9953308701515198,0.9999996423721313,セーター,三冬,かな,2,"着, 出る",3,"セーター, 東京, 日",17,7,セーターを着て風狂に遠くをり,8,セーターを着て晩年のまだ見えず,9,菊枯れて鴻稀に来る日かな
セーターの中の天使の翼かな,-26.714901,0.9870086908340454,0.9999997019767761,セーター,三冬,かな,0,,4,"セーター, 中, 天使, 翼",17,7,メーデーの雨の川渦激すかな,7,朝顔は命の中のいのちかな,7,セーターの錨の模様胸を逸れ
セーターの胸の高さの剥落す,-26.717632,0.962755024433136,0.9999997019767761,セーター,三冬,,1,剥落す,3,"セーター, 胸, 剥落",17,7,セーターの錨の模様胸を逸れ,8,メーデーの束の風船昇天す,8,セーターの紫許せ紫禁城
セーターの胸ポケツトに朝の卓,-26.718628,0.9810429215431213,0.9999997019767761,セーター,三冬,,0,,5,"セーター, 胸, ポケツト, 朝, 卓",17,8,セーターの胸にV切る銀ぐさり,9,セーターより子の頸が出る朝の雪,9,団栗を胸のポケツトにもひとつ
セーターの肩に手を置く心かな,-26.722775,0.9889138340950012,0.9999997019767761,セーター,三冬,かな,1,置く,4,"セーター, 肩, 手, 心",17,7,三月の松に身を置く蛹かな,8,メーデーの友に手を振る停年後,8,木枯の盥に星を聞く夜かな
セーターの肩に余白のありにけり,-26.728197,0.989139199256897,0.9999997019767761,セーター,三冬,けり,0,,5,"セーター, 肩, 余白, あり, けり",17,7,かりそめの露にも影のありにけり,7,大神神社の蟇に項のありにけり,7,セーターの上に口あり笑ひあり
セーターを着て少年の顔変り,-26.729616,0.98674476146698,0.9999996423721313,セーター,三冬,,1,着,4,"セーター, 少年, 顔, 変り",17,6,セーターを着て晩年のまだ見えず,6,セーターを着て風狂に遠くをり,8,セーターや蒼茫と山北にあり
セーターの胸の高さに子を運ぶ,-26.740694,0.9847320318222046,0.9999997019767761,セーター,三冬,,1,運ぶ,3,"セーター, 胸, 子",17,7,セーターの錨の模様胸を逸れ,8,祈る手の胸の高さに秋の風,8,セーターの胸の薔薇ごと愛さるる
セーターを首に吊せば匂ひけり,-26.746412,0.9888559579849243,0.9999997019767761,セーター,三冬,けり,2,"吊せ, 匂ひ",3,"セーター, 首, けり",17,7,セーターの上に口あり笑ひあり,8,セーターに首長族のここちせり,8,セーターの胸にV切る銀ぐさり
セーターの尻を叩いて帰りけり,-26.747007,0.9891735315322876,0.9999997019767761,セーター,三冬,けり,2,"叩い, 帰り",3,"セーター, 尻, けり",17,6,玉苗の尻を叩いて揃へけり,7,白鳥二羽湖光を曳いて帰りけり,7,大試験土手を歩いて帰りけり
セーターに皺の深さのありにけり,-26.748003,0.9839916825294495,0.9999997019767761,セーター,三冬,けり,0,,4,"セーター, 皺, あり, けり",17,6,土雛に鼻の高さのありにけり,7,初風に藁の匂ひのありにけり,7,障子百枚に梅の木影のありにけり
セーターの襟を正して昼餉かな,-26.748755,0.9885576963424683,0.9999997019767761,セーター,三冬,かな,1,正し,3,"セーター, 襟, 昼餉",17,8,セーターの中に貧しき丘がある,8,夏山の襟を正して最上川,8,河鹿の声の水を流るる昼餉かな
セーターを着せられてゐる今日の妻,-26.751719,0.9779444932937622,0.9999997019767761,セーター,三冬,,2,"着せ, ゐる",3,"セーター, 今日, 妻",17,7,セーターを着せられし子の兎跳び,8,外套を着せられてゐる別れかな,8,死に真似をさせられてゐる春の夢
真白きセーターを着て老いゆくか,-26.752144,0.9906176328659058,0.9999997019767761,セーター,三冬,,3,"着, 老い, ゆく",2,"き, セーター",17,7,まつ白いセーターを着て逢ひにゆく,9,満月の重力を着て老いてゆく,9,冬蝿につきまとはれて老いゆくか
セーターに顔を集めて笑ひをり,-26.754171,0.9917730093002319,0.9999997019767761,セーター,三冬,,1,集め,3,"セーター, 顔, 笑ひ",17,7,セーターに顎を埋めて少女期去る,7,セーターの上に口あり笑ひあり,8,セーターを着て風狂に遠くをり
セーターの襟がくつきり見えてきし,-26.75567,0.9877765774726868,0.9999995827674866,セーター,三冬,,2,"見え, き",3,"セーター, 襟, くつ",17,8,春渚笑顔はつきり見えてきし,10,初明り父の白息見えてきし,10,セーターの乳房ふつくらもの狂ひ